sku,Product Title (gemini recommended),SEO Title,Focus Keywords,SEO Meta Description,Brand,product-slug,product Tags,Image Alt Text
P00327,"Giant Pool Party Pong, New. - Inflatable Pool Float","Ultimate Giant Pool Party Pong, New. | Fun Pool Floaty for Summer","Giant Pool Party Pong, New., pool float, inflatable floaty, summer fun","Get ready for summer with the Giant Pool Party Pong, New.! This fun and durable inflatable pool float is perfect for relaxing in the sun. Order your Giant Pool Party Pong, New. today and enjoy the ultimate pool experience. High-quality, easy to inflate, and perfect for all ages.",Generic,giant-pool-party-pong-new,"pool float, inflatable, giant, pool, party, pong,, new., summer, fun, water toy, floaty","A person relaxing on the Giant Pool Party Pong, New. in a swimming pool."
P00329,NEW Sun Squad Pineapple Light Up Inflatable Beach Ball Motion Activated LED - Inflatable Pool Float,Ultimate NEW Sun Squad Pineapple Light Up Inflatable Beach Ball Motion Activated LED | Fun Pool Floaty for Summer,"NEW Sun Squad Pineapple Light Up Inflatable Beach Ball Motion Activated LED, pool float, inflatable floaty, summer fun","Get ready for summer with the NEW Sun Squad Pineapple Light Up Inflatable Beach Ball Motion Activated LED! This fun and durable inflatable pool float is perfect for relaxing in the sun. Order your NEW Sun Squad Pineapple Light Up Inflatable Beach Ball Motion Activated LED today and enjoy the ultimate pool experience. High-quality, easy to inflate, and perfect for all ages.",Sun Squad,new-sun-squad-pineapple-light-up-inflatable-beach-ball-motion-activated-led,"pool float, inflatable, new, sun, squad, pineapple, light, up, inflatable, beach, ball, motion, activated, led, summer, fun, water toy, floaty",A person relaxing on the NEW Sun Squad Pineapple Light Up Inflatable Beach Ball Motion Activated LED in a swimming pool.
P00330,Giant Inflatable Unicorn Swimming Pool Float Sun Squad 6' Long BRAND NEW - Inflatable Pool Float,Ultimate Giant Inflatable Unicorn Swimming Pool Float Sun Squad 6' Long BRAND NEW | Fun Pool Floaty for Summer,"Giant Inflatable Unicorn Swimming Pool Float Sun Squad 6' Long BRAND NEW, pool float, inflatable floaty, summer fun","Get ready for summer with the Giant Inflatable Unicorn Swimming Pool Float Sun Squad 6' Long BRAND NEW! This fun and durable inflatable pool float is perfect for relaxing in the sun. Order your Giant Inflatable Unicorn Swimming Pool Float Sun Squad 6' Long BRAND NEW today and enjoy the ultimate pool experience. High-quality, easy to inflate, and perfect for all ages.",Sun Squad,giant-inflatable-unicorn-swimming-pool-float-sun-squad-6-long-brand-new,"pool float, inflatable, giant, inflatable, unicorn, swimming, pool, float, sun, squad, 6', long, brand, new, summer, fun, water toy, floaty",A person relaxing on the Giant Inflatable Unicorn Swimming Pool Float Sun Squad 6' Long BRAND NEW in a swimming pool.
P00331,Luxy Float Large Inflatable Pineapple Pool Float for Adults - Inflatable Pool Float,Ultimate Luxy Float Large Inflatable Pineapple Pool Float for Adults | Fun Pool Floaty for Summer,"Luxy Float Large Inflatable Pineapple Pool Float for Adults, pool float, inflatable floaty, summer fun","Get ready for summer with the Luxy Float Large Inflatable Pineapple Pool Float for Adults! This fun and durable inflatable pool float is perfect for relaxing in the sun. Order your Luxy Float Large Inflatable Pineapple Pool Float for Adults today and enjoy the ultimate pool experience. High-quality, easy to inflate, and perfect for all ages.",Luxy Float,luxy-float-large-inflatable-pineapple-pool-float-for-adults,"pool float, inflatable, luxy, float, large, inflatable, pineapple, pool, float, for, adults, summer, fun, water toy, floaty",A person relaxing on the Luxy Float Large Inflatable Pineapple Pool Float for Adults in a swimming pool.
P00332,Sun Squad Inflatable Lounge Chair - Inflatable Pool Float,Ultimate Sun Squad Inflatable Lounge Chair | Fun Pool Floaty for Summer,"Sun Squad Inflatable Lounge Chair, pool float, inflatable floaty, summer fun","Get ready for summer with the Sun Squad Inflatable Lounge Chair! This fun and durable inflatable pool float is perfect for relaxing in the sun. Order your Sun Squad Inflatable Lounge Chair today and enjoy the ultimate pool experience. High-quality, easy to inflate, and perfect for all ages.",Sun Squad,sun-squad-inflatable-lounge-chair,"pool float, inflatable, sun, squad, inflatable, lounge, chair, summer, fun, water toy, floaty",A person relaxing on the Sun Squad Inflatable Lounge Chair in a swimming pool.
P00333,Open box Inflatable Chaise Lounger  - Sun Squad Cup Holder Floating - Inflatable Pool Float,Ultimate Open box Inflatable Chaise Lounger  - Sun Squad Cup Holder Floating | Fun Pool Floaty for Summer,"Open box Inflatable Chaise Lounger  - Sun Squad Cup Holder Floating, pool float, inflatable floaty, summer fun","Get ready for summer with the Open box Inflatable Chaise Lounger  - Sun Squad Cup Holder Floating! This fun and durable inflatable pool float is perfect for relaxing in the sun. Order your Open box Inflatable Chaise Lounger  - Sun Squad Cup Holder Floating today and enjoy the ultimate pool experience. High-quality, easy to inflate, and perfect for all ages.",Sun Squad,open-box-inflatable-chaise-lounger-sun-squad-cup-holder-floating,"pool float, inflatable, open, box, inflatable, chaise, lounger, , -, sun, squad, cup, holder, floating, summer, fun, water toy, floaty",A person relaxing on the Open box Inflatable Chaise Lounger  - Sun Squad Cup Holder Floating in a swimming pool.
P00334,Kids' Cheetah Pool Float Orange - Sun Squad™ - Inflatable Pool Float,Ultimate Kids' Cheetah Pool Float Orange - Sun Squad™ | Fun Pool Floaty for Summer,"Kids' Cheetah Pool Float Orange - Sun Squad™, pool float, inflatable floaty, summer fun","Get ready for summer with the Kids' Cheetah Pool Float Orange - Sun Squad™! This fun and durable inflatable pool float is perfect for relaxing in the sun. Order your Kids' Cheetah Pool Float Orange - Sun Squad™ today and enjoy the ultimate pool experience. High-quality, easy to inflate, and perfect for all ages.",Sun Squad,kids-cheetah-pool-float-orange-sun-squad,"pool float, inflatable, kids', cheetah, pool, float, orange, -, sun, squad™, summer, fun, water toy, floaty",A person relaxing on the Kids' Cheetah Pool Float Orange - Sun Squad™ in a swimming pool.
P00335,"Sun Squad Inflatable Bungalow Swim Tube Yellow White Pool Float 42"" Ages 9+ - Inflatable Pool Float","Ultimate Sun Squad Inflatable Bungalow Swim Tube Yellow White Pool Float 42"" Ages 9+ | Fun Pool Floaty for Summer","Sun Squad Inflatable Bungalow Swim Tube Yellow White Pool Float 42"" Ages 9+, pool float, inflatable floaty, summer fun","Get ready for summer with the Sun Squad Inflatable Bungalow Swim Tube Yellow White Pool Float 42"" Ages 9+! This fun and durable inflatable pool float is perfect for relaxing in the sun. Order your Sun Squad Inflatable Bungalow Swim Tube Yellow White Pool Float 42"" Ages 9+ today and enjoy the ultimate pool experience. High-quality, easy to inflate, and perfect for all ages.",Sun Squad,sun-squad-inflatable-bungalow-swim-tube-yellow-white-pool-float-42-ages-9,"pool float, inflatable, sun, squad, inflatable, bungalow, swim, tube, yellow, white, pool, float, 42"", ages, 9+, summer, fun, water toy, floaty","A person relaxing on the Sun Squad Inflatable Bungalow Swim Tube Yellow White Pool Float 42"" Ages 9+ in a swimming pool."
P00336,Sun Squad Inflatable Giant Pineapple - Inflatable Pool Float,Ultimate Sun Squad Inflatable Giant Pineapple | Fun Pool Floaty for Summer,"Sun Squad Inflatable Giant Pineapple, pool float, inflatable floaty, summer fun","Get ready for summer with the Sun Squad Inflatable Giant Pineapple! This fun and durable inflatable pool float is perfect for relaxing in the sun. Order your Sun Squad Inflatable Giant Pineapple today and enjoy the ultimate pool experience. High-quality, easy to inflate, and perfect for all ages.",Sun Squad,sun-squad-inflatable-giant-pineapple,"pool float, inflatable, sun, squad, inflatable, giant, pineapple, summer, fun, water toy, floaty",A person relaxing on the Sun Squad Inflatable Giant Pineapple in a swimming pool.
P00338,Sun Squad Inflatable Pool Float Flamingo 5ft 6in Long - Inflatable Pool Float,Ultimate Sun Squad Inflatable Pool Float Flamingo 5ft 6in Long | Fun Pool Floaty for Summer,"Sun Squad Inflatable Pool Float Flamingo 5ft 6in Long, pool float, inflatable floaty, summer fun","Get ready for summer with the Sun Squad Inflatable Pool Float Flamingo 5ft 6in Long! This fun and durable inflatable pool float is perfect for relaxing in the sun. Order your Sun Squad Inflatable Pool Float Flamingo 5ft 6in Long today and enjoy the ultimate pool experience. High-quality, easy to inflate, and perfect for all ages.",Sun Squad,sun-squad-inflatable-pool-float-flamingo-5ft-6in-long,"pool float, inflatable, sun, squad, inflatable, pool, float, flamingo, 5ft, 6in, long, summer, fun, water toy, floaty",A person relaxing on the Sun Squad Inflatable Pool Float Flamingo 5ft 6in Long in a swimming pool.
P00339,New Sun Squad Inflatable Swim Tube With Handles 36 Inch Diameter - Inflatable Pool Float,Ultimate New Sun Squad Inflatable Swim Tube With Handles 36 Inch Diameter | Fun Pool Floaty for Summer,"New Sun Squad Inflatable Swim Tube With Handles 36 Inch Diameter, pool float, inflatable floaty, summer fun","Get ready for summer with the New Sun Squad Inflatable Swim Tube With Handles 36 Inch Diameter! This fun and durable inflatable pool float is perfect for relaxing in the sun. Order your New Sun Squad Inflatable Swim Tube With Handles 36 Inch Diameter today and enjoy the ultimate pool experience. High-quality, easy to inflate, and perfect for all ages.",Sun Squad,new-sun-squad-inflatable-swim-tube-with-handles-36-inch-diameter,"pool float, inflatable, new, sun, squad, inflatable, swim, tube, with, handles, 36, inch, diameter, summer, fun, water toy, floaty",A person relaxing on the New Sun Squad Inflatable Swim Tube With Handles 36 Inch Diameter in a swimming pool.
P00340,Sun Squad 36 Inch Diameter Palm Trees Swim Tube with Handles - Inflatable Pool Float,Ultimate Sun Squad 36 Inch Diameter Palm Trees Swim Tube with Handles | Fun Pool Floaty for Summer,"Sun Squad 36 Inch Diameter Palm Trees Swim Tube with Handles, pool float, inflatable floaty, summer fun","Get ready for summer with the Sun Squad 36 Inch Diameter Palm Trees Swim Tube with Handles! This fun and durable inflatable pool float is perfect for relaxing in the sun. Order your Sun Squad 36 Inch Diameter Palm Trees Swim Tube with Handles today and enjoy the ultimate pool experience. High-quality, easy to inflate, and perfect for all ages.",Sun Squad,sun-squad-36-inch-diameter-palm-trees-swim-tube-with-handles,"pool float, inflatable, sun, squad, 36, inch, diameter, palm, trees, swim, tube, with, handles, summer, fun, water toy, floaty",A person relaxing on the Sun Squad 36 Inch Diameter Palm Trees Swim Tube with Handles in a swimming pool.
P00342,"Inflatable Pool Float 36"" Pool Inner Tube with Handles Sun Squad Wavy Stripe - Inflatable Pool Float","Ultimate Inflatable Pool Float 36"" Pool Inner Tube with Handles Sun Squad Wavy Stripe | Fun Pool Floaty for Summer","Inflatable Pool Float 36"" Pool Inner Tube with Handles Sun Squad Wavy Stripe, pool float, inflatable floaty, summer fun","Get ready for summer with the Inflatable Pool Float 36"" Pool Inner Tube with Handles Sun Squad Wavy Stripe! This fun and durable inflatable pool float is perfect for relaxing in the sun. Order your Inflatable Pool Float 36"" Pool Inner Tube with Handles Sun Squad Wavy Stripe today and enjoy the ultimate pool experience. High-quality, easy to inflate, and perfect for all ages.",Sun Squad,inflatable-pool-float-36-pool-inner-tube-with-handles-sun-squad-wavy-stripe,"pool float, inflatable, inflatable, pool, float, 36"", pool, inner, tube, with, handles, sun, squad, wavy, stripe, summer, fun, water toy, floaty","A person relaxing on the Inflatable Pool Float 36"" Pool Inner Tube with Handles Sun Squad Wavy Stripe in a swimming pool."
P00343,"Sun Squad 36"" Inflatable Retro Palm Tree Design Swin Tube with Handles - Inflatable Pool Float","Ultimate Sun Squad 36"" Inflatable Retro Palm Tree Design Swin Tube with Handles | Fun Pool Floaty for Summer","Sun Squad 36"" Inflatable Retro Palm Tree Design Swin Tube with Handles, pool float, inflatable floaty, summer fun","Get ready for summer with the Sun Squad 36"" Inflatable Retro Palm Tree Design Swin Tube with Handles! This fun and durable inflatable pool float is perfect for relaxing in the sun. Order your Sun Squad 36"" Inflatable Retro Palm Tree Design Swin Tube with Handles today and enjoy the ultimate pool experience. High-quality, easy to inflate, and perfect for all ages.",Sun Squad,sun-squad-36-inflatable-retro-palm-tree-design-swin-tube-with-handles,"pool float, inflatable, sun, squad, 36"", inflatable, retro, palm, tree, design, swin, tube, with, handles, summer, fun, water toy, floaty","A person relaxing on the Sun Squad 36"" Inflatable Retro Palm Tree Design Swin Tube with Handles in a swimming pool."
P00344,Sun Squad Inflatable Swim Tube - 31 Inch Diameter - Pool Float for Summer Fun - Inflatable Pool Float,Ultimate Sun Squad Inflatable Swim Tube - 31 Inch Diameter - Pool Float for Summer Fun | Fun Pool Floaty for Summer,"Sun Squad Inflatable Swim Tube - 31 Inch Diameter - Pool Float for Summer Fun, pool float, inflatable floaty, summer fun","Get ready for summer with the Sun Squad Inflatable Swim Tube - 31 Inch Diameter - Pool Float for Summer Fun! This fun and durable inflatable pool float is perfect for relaxing in the sun. Order your Sun Squad Inflatable Swim Tube - 31 Inch Diameter - Pool Float for Summer Fun today and enjoy the ultimate pool experience. High-quality, easy to inflate, and perfect for all ages.",Sun Squad,sun-squad-inflatable-swim-tube-31-inch-diameter-pool-float-for-summer-fun,"pool float, inflatable, sun, squad, inflatable, swim, tube, -, 31, inch, diameter, -, pool, float, for, summer, fun, summer, fun, water toy, floaty",A person relaxing on the Sun Squad Inflatable Swim Tube - 31 Inch Diameter - Pool Float for Summer Fun in a swimming pool.
P00345,"36"" Inflatable Glitter Swim Tube - Sun Squad™ - Inflatable Pool Float","Ultimate 36"" Inflatable Glitter Swim Tube - Sun Squad™ | Fun Pool Floaty for Summer","36"" Inflatable Glitter Swim Tube - Sun Squad™, pool float, inflatable floaty, summer fun","Get ready for summer with the 36"" Inflatable Glitter Swim Tube - Sun Squad™! This fun and durable inflatable pool float is perfect for relaxing in the sun. Order your 36"" Inflatable Glitter Swim Tube - Sun Squad™ today and enjoy the ultimate pool experience. High-quality, easy to inflate, and perfect for all ages.",Sun Squad,36-inflatable-glitter-swim-tube-sun-squad,"pool float, inflatable, 36"", inflatable, glitter, swim, tube, -, sun, squad™, summer, fun, water toy, floaty","A person relaxing on the 36"" Inflatable Glitter Swim Tube - Sun Squad™ in a swimming pool."
P00349,Sun Squad Inflatable Giant Pineapple - Inflatable Pool Float,Ultimate Sun Squad Inflatable Giant Pineapple | Fun Pool Floaty for Summer,"Sun Squad Inflatable Giant Pineapple, pool float, inflatable floaty, summer fun","Get ready for summer with the Sun Squad Inflatable Giant Pineapple! This fun and durable inflatable pool float is perfect for relaxing in the sun. Order your Sun Squad Inflatable Giant Pineapple today and enjoy the ultimate pool experience. High-quality, easy to inflate, and perfect for all ages.",Sun Squad,sun-squad-inflatable-giant-pineapple,"pool float, inflatable, sun, squad, inflatable, giant, pineapple, summer, fun, water toy, floaty",A person relaxing on the Sun Squad Inflatable Giant Pineapple in a swimming pool.
P00383,Sun Squad Inflatable Giant Pineapple - Inflatable Pool Float,Ultimate Sun Squad Inflatable Giant Pineapple | Fun Pool Floaty for Summer,"Sun Squad Inflatable Giant Pineapple, pool float, inflatable floaty, summer fun","Get ready for summer with the Sun Squad Inflatable Giant Pineapple! This fun and durable inflatable pool float is perfect for relaxing in the sun. Order your Sun Squad Inflatable Giant Pineapple today and enjoy the ultimate pool experience. High-quality, easy to inflate, and perfect for all ages.",Sun,sun-squad-inflatable-giant-pineapple,"pool float, inflatable, sun, squad, inflatable, giant, pineapple, summer, fun, water toy, floaty",A person relaxing on the Sun Squad Inflatable Giant Pineapple in a swimming pool.
P00427,"Swimways, Pop-Up Pool, Canopy, Carrying Case, Foldable, 9-24 Months, 32"" - Inflatable Pool Float","Ultimate Swimways, Pop-Up Pool, Canopy, Carrying Case, Foldable, 9-24 Months, 32"" | Fun Pool Floaty for Summer","Swimways, Pop-Up Pool, Canopy, Carrying Case, Foldable, 9-24 Months, 32"", pool float, inflatable floaty, summer fun","Get ready for summer with the Swimways, Pop-Up Pool, Canopy, Carrying Case, Foldable, 9-24 Months, 32""! This fun and durable inflatable pool float is perfect for relaxing in the sun. Order your Swimways, Pop-Up Pool, Canopy, Carrying Case, Foldable, 9-24 Months, 32"" today and enjoy the ultimate pool experience. High-quality, easy to inflate, and perfect for all ages.","Swimways,",swimways-pop-up-pool-canopy-carrying-case-foldable-9-24-months-32,"pool float, inflatable, swimways,, pop-up, pool,, canopy,, carrying, case,, foldable,, 9-24, months,, 32"", summer, fun, water toy, floaty","A person relaxing on the Swimways, Pop-Up Pool, Canopy, Carrying Case, Foldable, 9-24 Months, 32"" in a swimming pool."
P00497,Inflatable Duck Sprinkler - Sun Squad™ Colorful 3 Ft 4 Inches Long Summer Fun - Inflatable Pool Float,Ultimate Inflatable Duck Sprinkler - Sun Squad™ Colorful 3 Ft 4 Inches Long Summer Fun | Fun Pool Floaty for Summer,"Inflatable Duck Sprinkler - Sun Squad™ Colorful 3 Ft 4 Inches Long Summer Fun, pool float, inflatable floaty, summer fun","Get ready for summer with the Inflatable Duck Sprinkler - Sun Squad™ Colorful 3 Ft 4 Inches Long Summer Fun! This fun and durable inflatable pool float is perfect for relaxing in the sun. Order your Inflatable Duck Sprinkler - Sun Squad™ Colorful 3 Ft 4 Inches Long Summer Fun today and enjoy the ultimate pool experience. High-quality, easy to inflate, and perfect for all ages.",Inflatable,inflatable-duck-sprinkler-sun-squad-colorful-3-ft-4-inches-long-summer-fun,"pool float, inflatable, inflatable, duck, sprinkler, -, sun, squad™, colorful, 3, ft, 4, inches, long, summer, fun, summer, fun, water toy, floaty",A person relaxing on the Inflatable Duck Sprinkler - Sun Squad™ Colorful 3 Ft 4 Inches Long Summer Fun in a swimming pool.
P00502,NEW Nerf Super Soaker Hydro Battle Ride-On Cruiser – Inflatable Pool Float [B1] - Inflatable Pool Float,Ultimate NEW Nerf Super Soaker Hydro Battle Ride-On Cruiser – Inflatable Pool Float [B1] | Fun Pool Floaty for Summer,"NEW Nerf Super Soaker Hydro Battle Ride-On Cruiser – Inflatable Pool Float [B1], pool float, inflatable floaty, summer fun","Get ready for summer with the NEW Nerf Super Soaker Hydro Battle Ride-On Cruiser – Inflatable Pool Float [B1]! This fun and durable inflatable pool float is perfect for relaxing in the sun. Order your NEW Nerf Super Soaker Hydro Battle Ride-On Cruiser – Inflatable Pool Float [B1] today and enjoy the ultimate pool experience. High-quality, easy to inflate, and perfect for all ages.",NERF / WowWee,new-nerf-super-soaker-hydro-battle-ride-on-cruiser-inflatable-pool-float-b1,"pool float, inflatable, new, nerf, super, soaker, hydro, battle, ride-on, cruiser, –, inflatable, pool, float, [b1], summer, fun, water toy, floaty",A person relaxing on the NEW Nerf Super Soaker Hydro Battle Ride-On Cruiser – Inflatable Pool Float [B1] in a swimming pool.
P00519,"SwimWays Spring Float Premium SunSeat Pool Chairs, Inflatable Pool Floats Adult with Fast Inflation for Ages 15 & Up, Sky Blue - Inflatable Pool Float","Ultimate SwimWays Spring Float Premium SunSeat Pool Chairs, Inflatable Pool Floats Adult with Fast Inflation for Ages 15 & Up, Sky Blue | Fun Pool Floaty for Summer","SwimWays Spring Float Premium SunSeat Pool Chairs, Inflatable Pool Floats Adult with Fast Inflation for Ages 15 & Up, Sky Blue, pool float, inflatable floaty, summer fun","Get ready for summer with the SwimWays Spring Float Premium SunSeat Pool Chairs, Inflatable Pool Floats Adult with Fast Inflation for Ages 15 & Up, Sky Blue! This fun and durable inflatable pool float is perfect for relaxing in the sun. Order your SwimWays Spring Float Premium SunSeat Pool Chairs, Inflatable Pool Floats Adult with Fast Inflation for Ages 15 & Up, Sky Blue today and enjoy the ultimate pool experience. High-quality, easy to inflate, and perfect for all ages.",SwimWays,swimways-spring-float-premium-sunseat-pool-chairs-inflatable-pool-floats-adult-with-fast-inflation-for-ages-15-up-sky-blue,"pool float, inflatable, swimways, spring, float, premium, sunseat, pool, chairs,, inflatable, pool, floats, adult, with, fast, inflation, for, ages, 15, &, up,, sky, blue, summer, fun, water toy, floaty","A person relaxing on the SwimWays Spring Float Premium SunSeat Pool Chairs, Inflatable Pool Floats Adult with Fast Inflation for Ages 15 & Up, Sky Blue in a swimming pool."
P00527,Sun Squad Polka Dots Kids' Garden Tote Recycled Polyester Unstructured Handbag - Inflatable Pool Float,Ultimate Sun Squad Polka Dots Kids' Garden Tote Recycled Polyester Unstructured Handbag | Fun Pool Floaty for Summer,"Sun Squad Polka Dots Kids' Garden Tote Recycled Polyester Unstructured Handbag, pool float, inflatable floaty, summer fun","Get ready for summer with the Sun Squad Polka Dots Kids' Garden Tote Recycled Polyester Unstructured Handbag! This fun and durable inflatable pool float is perfect for relaxing in the sun. Order your Sun Squad Polka Dots Kids' Garden Tote Recycled Polyester Unstructured Handbag today and enjoy the ultimate pool experience. High-quality, easy to inflate, and perfect for all ages.",Sun Squad,sun-squad-polka-dots-kids-garden-tote-recycled-polyester-unstructured-handbag,"pool float, inflatable, sun, squad, polka, dots, kids', garden, tote, recycled, polyester, unstructured, handbag, summer, fun, water toy, floaty",A person relaxing on the Sun Squad Polka Dots Kids' Garden Tote Recycled Polyester Unstructured Handbag in a swimming pool.
P00566,"SUN SQUAD INFLATABLE 31"" Swim - Inflatable Pool Float","Ultimate SUN SQUAD INFLATABLE 31"" Swim | Fun Pool Floaty for Summer","SUN SQUAD INFLATABLE 31"" Swim, pool float, inflatable floaty, summer fun","Get ready for summer with the SUN SQUAD INFLATABLE 31"" Swim! This fun and durable inflatable pool float is perfect for relaxing in the sun. Order your SUN SQUAD INFLATABLE 31"" Swim today and enjoy the ultimate pool experience. High-quality, easy to inflate, and perfect for all ages.",Sun Squad,sun-squad-inflatable-31-swim,"pool float, inflatable, sun, squad, inflatable, 31"", swim, summer, fun, water toy, floaty","A person relaxing on the SUN SQUAD INFLATABLE 31"" Swim in a swimming pool."
P00567,New Sun Squad Inflatable Swim Tube - Inflatable Pool Float,Ultimate New Sun Squad Inflatable Swim Tube | Fun Pool Floaty for Summer,"New Sun Squad Inflatable Swim Tube, pool float, inflatable floaty, summer fun","Get ready for summer with the New Sun Squad Inflatable Swim Tube! This fun and durable inflatable pool float is perfect for relaxing in the sun. Order your New Sun Squad Inflatable Swim Tube today and enjoy the ultimate pool experience. High-quality, easy to inflate, and perfect for all ages.",Sun Squad,new-sun-squad-inflatable-swim-tube,"pool float, inflatable, new, sun, squad, inflatable, swim, tube, summer, fun, water toy, floaty",A person relaxing on the New Sun Squad Inflatable Swim Tube in a swimming pool.
P00568,Sun Squad Pool Swim 31 - Inflatable Pool Float,Ultimate Sun Squad Pool Swim 31 | Fun Pool Floaty for Summer,"Sun Squad Pool Swim 31, pool float, inflatable floaty, summer fun","Get ready for summer with the Sun Squad Pool Swim 31! This fun and durable inflatable pool float is perfect for relaxing in the sun. Order your Sun Squad Pool Swim 31 today and enjoy the ultimate pool experience. High-quality, easy to inflate, and perfect for all ages.",Sun Squad,sun-squad-pool-swim-31,"pool float, inflatable, sun, squad, pool, swim, 31, summer, fun, water toy, floaty",A person relaxing on the Sun Squad Pool Swim 31 in a swimming pool.
P00569,"31"" Swim Tube Mint Green/White - Sun Squad - Inflatable Pool Float","Ultimate 31"" Swim Tube Mint Green/White - Sun Squad | Fun Pool Floaty for Summer","31"" Swim Tube Mint Green/White - Sun Squad, pool float, inflatable floaty, summer fun","Get ready for summer with the 31"" Swim Tube Mint Green/White - Sun Squad! This fun and durable inflatable pool float is perfect for relaxing in the sun. Order your 31"" Swim Tube Mint Green/White - Sun Squad today and enjoy the ultimate pool experience. High-quality, easy to inflate, and perfect for all ages.",Sun Squad,31-swim-tube-mint-green-white-sun-squad,"pool float, inflatable, 31"", swim, tube, mint, green/white, -, sun, squad, summer, fun, water toy, floaty","A person relaxing on the 31"" Swim Tube Mint Green/White - Sun Squad in a swimming pool."
P00570,Sun Squad inflatable Swim Tube - Inflatable Pool Float,Ultimate Sun Squad inflatable Swim Tube | Fun Pool Floaty for Summer,"Sun Squad inflatable Swim Tube, pool float, inflatable floaty, summer fun","Get ready for summer with the Sun Squad inflatable Swim Tube! This fun and durable inflatable pool float is perfect for relaxing in the sun. Order your Sun Squad inflatable Swim Tube today and enjoy the ultimate pool experience. High-quality, easy to inflate, and perfect for all ages.",Sun Squad,sun-squad-inflatable-swim-tube,"pool float, inflatable, sun, squad, inflatable, swim, tube, summer, fun, water toy, floaty",A person relaxing on the Sun Squad inflatable Swim Tube in a swimming pool.
P00571,Sun Squad inflatable swim tube - Inflatable Pool Float,Ultimate Sun Squad inflatable swim tube | Fun Pool Floaty for Summer,"Sun Squad inflatable swim tube, pool float, inflatable floaty, summer fun","Get ready for summer with the Sun Squad inflatable swim tube! This fun and durable inflatable pool float is perfect for relaxing in the sun. Order your Sun Squad inflatable swim tube today and enjoy the ultimate pool experience. High-quality, easy to inflate, and perfect for all ages.",Sun Squad,sun-squad-inflatable-swim-tube,"pool float, inflatable, sun, squad, inflatable, swim, tube, summer, fun, water toy, floaty",A person relaxing on the Sun Squad inflatable swim tube in a swimming pool.
P00572,Sun Squad Inflatable Swim Tube - Inflatable Pool Float,Ultimate Sun Squad Inflatable Swim Tube | Fun Pool Floaty for Summer,"Sun Squad Inflatable Swim Tube, pool float, inflatable floaty, summer fun","Get ready for summer with the Sun Squad Inflatable Swim Tube! This fun and durable inflatable pool float is perfect for relaxing in the sun. Order your Sun Squad Inflatable Swim Tube today and enjoy the ultimate pool experience. High-quality, easy to inflate, and perfect for all ages.",Sun Squad,sun-squad-inflatable-swim-tube,"pool float, inflatable, sun, squad, inflatable, swim, tube, summer, fun, water toy, floaty",A person relaxing on the Sun Squad Inflatable Swim Tube in a swimming pool.
P00573,Sun Squad Inflatable Fruit Design Swim Tube - Blue & Yellow - Inflatable Pool Float,Ultimate Sun Squad Inflatable Fruit Design Swim Tube - Blue & Yellow | Fun Pool Floaty for Summer,"Sun Squad Inflatable Fruit Design Swim Tube - Blue & Yellow, pool float, inflatable floaty, summer fun","Get ready for summer with the Sun Squad Inflatable Fruit Design Swim Tube - Blue & Yellow! This fun and durable inflatable pool float is perfect for relaxing in the sun. Order your Sun Squad Inflatable Fruit Design Swim Tube - Blue & Yellow today and enjoy the ultimate pool experience. High-quality, easy to inflate, and perfect for all ages.",Sun Squad,sun-squad-inflatable-fruit-design-swim-tube-blue-yellow,"pool float, inflatable, sun, squad, inflatable, fruit, design, swim, tube, -, blue, &, yellow, summer, fun, water toy, floaty",A person relaxing on the Sun Squad Inflatable Fruit Design Swim Tube - Blue & Yellow in a swimming pool.
P00575,"Sun Squad Blue Inflatable Swim Tube With Handles, 36 Inch Diameter - Inflatable Pool Float","Ultimate Sun Squad Blue Inflatable Swim Tube With Handles, 36 Inch Diameter | Fun Pool Floaty for Summer","Sun Squad Blue Inflatable Swim Tube With Handles, 36 Inch Diameter, pool float, inflatable floaty, summer fun","Get ready for summer with the Sun Squad Blue Inflatable Swim Tube With Handles, 36 Inch Diameter! This fun and durable inflatable pool float is perfect for relaxing in the sun. Order your Sun Squad Blue Inflatable Swim Tube With Handles, 36 Inch Diameter today and enjoy the ultimate pool experience. High-quality, easy to inflate, and perfect for all ages.",Sun Squad,sun-squad-blue-inflatable-swim-tube-with-handles-36-inch-diameter,"pool float, inflatable, sun, squad, blue, inflatable, swim, tube, with, handles,, 36, inch, diameter, summer, fun, water toy, floaty","A person relaxing on the Sun Squad Blue Inflatable Swim Tube With Handles, 36 Inch Diameter in a swimming pool."
P00576,Inflatable Round Swim Tube Pool Float Inner Tube Rainbow Summer Beach Lake 31” - Inflatable Pool Float,Ultimate Inflatable Round Swim Tube Pool Float Inner Tube Rainbow Summer Beach Lake 31” | Fun Pool Floaty for Summer,"Inflatable Round Swim Tube Pool Float Inner Tube Rainbow Summer Beach Lake 31”, pool float, inflatable floaty, summer fun","Get ready for summer with the Inflatable Round Swim Tube Pool Float Inner Tube Rainbow Summer Beach Lake 31”! This fun and durable inflatable pool float is perfect for relaxing in the sun. Order your Inflatable Round Swim Tube Pool Float Inner Tube Rainbow Summer Beach Lake 31” today and enjoy the ultimate pool experience. High-quality, easy to inflate, and perfect for all ages.",Inflatable,inflatable-round-swim-tube-pool-float-inner-tube-rainbow-summer-beach-lake-31,"pool float, inflatable, inflatable, round, swim, tube, pool, float, inner, tube, rainbow, summer, beach, lake, 31”, summer, fun, water toy, floaty",A person relaxing on the Inflatable Round Swim Tube Pool Float Inner Tube Rainbow Summer Beach Lake 31” in a swimming pool.
P00577,Sun Squad Inflatable swim tube 31 inch - Inflatable Pool Float,Ultimate Sun Squad Inflatable swim tube 31 inch | Fun Pool Floaty for Summer,"Sun Squad Inflatable swim tube 31 inch, pool float, inflatable floaty, summer fun","Get ready for summer with the Sun Squad Inflatable swim tube 31 inch! This fun and durable inflatable pool float is perfect for relaxing in the sun. Order your Sun Squad Inflatable swim tube 31 inch today and enjoy the ultimate pool experience. High-quality, easy to inflate, and perfect for all ages.",Sun Squad,sun-squad-inflatable-swim-tube-31-inch,"pool float, inflatable, sun, squad, inflatable, swim, tube, 31, inch, summer, fun, water toy, floaty",A person relaxing on the Sun Squad Inflatable swim tube 31 inch in a swimming pool.
P00578,"Sun Squad 36"" Inflatable Retro Palm Tree Design Swin Tube with Handles - Inflatable Pool Float","Ultimate Sun Squad 36"" Inflatable Retro Palm Tree Design Swin Tube with Handles | Fun Pool Floaty for Summer","Sun Squad 36"" Inflatable Retro Palm Tree Design Swin Tube with Handles, pool float, inflatable floaty, summer fun","Get ready for summer with the Sun Squad 36"" Inflatable Retro Palm Tree Design Swin Tube with Handles! This fun and durable inflatable pool float is perfect for relaxing in the sun. Order your Sun Squad 36"" Inflatable Retro Palm Tree Design Swin Tube with Handles today and enjoy the ultimate pool experience. High-quality, easy to inflate, and perfect for all ages.",Sun Squad,sun-squad-36-inflatable-retro-palm-tree-design-swin-tube-with-handles,"pool float, inflatable, sun, squad, 36"", inflatable, retro, palm, tree, design, swin, tube, with, handles, summer, fun, water toy, floaty","A person relaxing on the Sun Squad 36"" Inflatable Retro Palm Tree Design Swin Tube with Handles in a swimming pool."
P00579,Speedo Splash Jammer Life Jacket Swim Vest Kids Weight 33-55 lbs Dinosaur - Inflatable Pool Float,Ultimate Speedo Splash Jammer Life Jacket Swim Vest Kids Weight 33-55 lbs Dinosaur | Fun Pool Floaty for Summer,"Speedo Splash Jammer Life Jacket Swim Vest Kids Weight 33-55 lbs Dinosaur, pool float, inflatable floaty, summer fun","Get ready for summer with the Speedo Splash Jammer Life Jacket Swim Vest Kids Weight 33-55 lbs Dinosaur! This fun and durable inflatable pool float is perfect for relaxing in the sun. Order your Speedo Splash Jammer Life Jacket Swim Vest Kids Weight 33-55 lbs Dinosaur today and enjoy the ultimate pool experience. High-quality, easy to inflate, and perfect for all ages.",Speedo,speedo-splash-jammer-life-jacket-swim-vest-kids-weight-33-55-lbs-dinosaur,"pool float, inflatable, speedo, splash, jammer, life, jacket, swim, vest, kids, weight, 33-55, lbs, dinosaur, summer, fun, water toy, floaty",A person relaxing on the Speedo Splash Jammer Life Jacket Swim Vest Kids Weight 33-55 lbs Dinosaur in a swimming pool.
P00585,"NEW Sun Squad- Inflatable Swim Tube Ice Cream Cone Blue 31"" Summer Pool - Inflatable Pool Float","Ultimate NEW Sun Squad- Inflatable Swim Tube Ice Cream Cone Blue 31"" Summer Pool | Fun Pool Floaty for Summer","NEW Sun Squad- Inflatable Swim Tube Ice Cream Cone Blue 31"" Summer Pool, pool float, inflatable floaty, summer fun","Get ready for summer with the NEW Sun Squad- Inflatable Swim Tube Ice Cream Cone Blue 31"" Summer Pool! This fun and durable inflatable pool float is perfect for relaxing in the sun. Order your NEW Sun Squad- Inflatable Swim Tube Ice Cream Cone Blue 31"" Summer Pool today and enjoy the ultimate pool experience. High-quality, easy to inflate, and perfect for all ages.",Sun Squad,new-sun-squad-inflatable-swim-tube-ice-cream-cone-blue-31-summer-pool,"pool float, inflatable, new, sun, squad-, inflatable, swim, tube, ice, cream, cone, blue, 31"", summer, pool, summer, fun, water toy, floaty","A person relaxing on the NEW Sun Squad- Inflatable Swim Tube Ice Cream Cone Blue 31"" Summer Pool in a swimming pool."
