category_id,category_name,category_slug,seo_title,meta_description,focus_keyword,category_url
1993,Toilets & Bidets,toilets-bidets,Shop Toilets & Bidets | Latest Trends & Affordable Prices,"Browse our premium collection of toilets & bidets. Shop top styles, quality brands, and exclusive deals online today!","['toilets & bidets', 'buy toilets & bidets', 'toilets & bidets online']",https://pay.4more.ca/product-category/toilets-bidets/
1911,Outdoor Furniture,outdoor-furniture,Shop Outdoor Furniture | Latest Trends & Affordable Prices,"Browse our premium collection of outdoor furniture. Shop top styles, quality brands, and exclusive deals online today!","['outdoor furniture', 'buy outdoor furniture', 'outdoor furniture online']",https://pay.4more.ca/product-category/outdoor-furniture/
3268,Cleaning Tools & Equipment,cleaning-tools-equipment,Essential Cleaning Tools & Equipment | 2025 Buyer's Guide,"Clean smarter, not harder. Our 2025 buyer's guide reviews the best vacuum cleaners, steam mops, microfiber cloths, and other essential cleaning tools.","['cleaning tools', 'cleaning equipment', 'best vacuum cleaner 2025', 'mops and brooms', 'robotic vacuums', 'microfiber cleaning cloths.']",https://pay.4more.ca/product-category/cleaning-tools-equipment/
2020,Doors & Windows,doors-windows,Shop Doors & Windows | Latest Trends & Affordable Prices,"Browse our premium collection of doors & windows. Shop top styles, quality brands, and exclusive deals online today!","['doors & windows', 'buy doors & windows', 'doors & windows online']",https://pay.4more.ca/product-category/doors-windows/
2035,Smart Entertainment,smart-entertainment,Shop Smart Entertainment | Latest Trends & Affordable Prices,"Browse our premium collection of smart entertainment. Shop top styles, quality brands, and exclusive deals online today!","['smart entertainment', 'buy smart entertainment', 'smart entertainment online']",https://pay.4more.ca/product-category/smart-entertainment/
1916,Mirrors,mirrors,Shop Mirrors | Latest Trends & Affordable Prices,"Browse our premium collection of mirrors. Shop top styles, quality brands, and exclusive deals online today!","['mirrors', 'buy mirrors', 'mirrors online']",https://pay.4more.ca/product-category/mirrors/
3242,Team Sports,team-sports,Shop Team Sports | Latest Trends & Affordable Prices,"Browse our premium collection of team sports. Shop top styles, quality brands, and exclusive deals online today!","['team sports', 'buy team sports', 'team sports online']",https://pay.4more.ca/product-category/team-sports/
1939,Books & Media,books-media,Shop Books & Media | Latest Trends & Affordable Prices,"Browse our premium collection of books & media. Shop top styles, quality brands, and exclusive deals online today!","['books & media', 'buy books & media', 'books & media online']",https://pay.4more.ca/product-category/books-media/
3269,Waste Management (Trash Cans & Liners),waste-management-trash-cans-liners,A Guide to Trash Cans & Liners in Oakville & Halton (2025),"Find the best kitchen trash cans, recycling bins, and compost pails for your home. Our 2025 guide helps Oakville & Halton residents choose the right products.","['kitchen trash can', 'recycling bin', 'compost bin', 'trash can liners', 'best trash bags', 'dual compartment trash can', 'waste management Halton Region', 'compostable bags Oakville']",https://pay.4more.ca/product-category/waste-management-trash-cans-liners/
3300,"Disinfectants & Sanitizers (Sprays, Wipes)",disinfectants-sanitizers-sprays-wipes,Glass & Window Cleaners - Shop Now,Shop Glass & Window Cleaners and more. Discover a wide range of Bathroom Toilet Cleaners within our Household Cleaners selection. Browse the best Bathroom Toilet Cleaners available.,['glass*&*window_cleaners'],https://pay.4more.ca/product-category/disinfectants-sanitizers-sprays-wipes/
1982,Exterior Paint,exterior-paint,Shop Exterior Paint | Latest Trends & Affordable Prices,"Browse our premium collection of exterior paint. Shop top styles, quality brands, and exclusive deals online today!","['exterior paint', 'buy exterior paint', 'exterior paint online']",https://pay.4more.ca/product-category/exterior-paint/
3243,Dress Up & Pretend Play,dress-up-pretend-play,Shop Dress Up & Pretend Play | Latest Trends & Affordable Prices,"Browse our premium collection of dress up & pretend play. Shop top styles, quality brands, and exclusive deals online today!","['dress up & pretend play', 'buy dress up & pretend play', 'dress up & pretend play online']",https://pay.4more.ca/product-category/dress-up-pretend-play/
1918,Kitchen & Dining,kitchen-dining,Shop Kitchen & Dining | Latest Trends & Affordable Prices,"Browse our premium collection of kitchen & dining. Shop top styles, quality brands, and exclusive deals online today!","['kitchen & dining', 'buy kitchen & dining', 'kitchen & dining online']",https://pay.4more.ca/product-category/kitchen-dining/
2047,Arts & Crafts,arts-crafts,Shop Arts & Crafts | Latest Trends & Affordable Prices,"Browse our premium collection of arts & crafts. Shop top styles, quality brands, and exclusive deals online today!","['arts & crafts', 'buy arts & crafts', 'arts & crafts online']",https://pay.4more.ca/product-category/arts-crafts/
1967,Grinders,grinders,Shop Grinders | Latest Trends & Affordable Prices,"Browse our premium collection of grinders. Shop top styles, quality brands, and exclusive deals online today!","['grinders', 'buy grinders', 'grinders online']",https://pay.4more.ca/product-category/grinders/
2074,Office Machines,office-machines,Shop Office Machines | Latest Trends & Affordable Prices,"Browse our premium collection of office machines. Shop top styles, quality brands, and exclusive deals online today!","['office machines', 'buy office machines', 'office machines online']",https://pay.4more.ca/product-category/office-machines/
1907,Living Room,living-room,Shop Living Room | Latest Trends & Affordable Prices,"Browse our premium collection of living room. Shop top styles, quality brands, and exclusive deals online today!","['living room', 'buy living room', 'living room online']",https://pay.4more.ca/product-category/living-room/
1922,Appliances,appliances,Shop Appliances | Latest Trends & Affordable Prices,"Browse our premium collection of appliances. Shop top styles, quality brands, and exclusive deals online today!","['appliances', 'buy appliances', 'appliances online']",https://pay.4more.ca/product-category/appliances/
2007,Carpet,carpet,Shop Carpet | Latest Trends & Affordable Prices,"Browse our premium collection of carpet. Shop top styles, quality brands, and exclusive deals online today!","['carpet', 'buy carpet', 'carpet online']",https://pay.4more.ca/product-category/carpet/
1964,Hand Tools,hand-tools,Shop Hand Tools | Latest Trends & Affordable Prices,"Browse our premium collection of hand tools. Shop top styles, quality brands, and exclusive deals online today!","['hand tools', 'buy hand tools', 'hand tools online']",https://pay.4more.ca/product-category/hand-tools/
1941,Movies & TV,movies-tv,Shop Movies & TV | Latest Trends & Affordable Prices,"Browse our premium collection of movies & tv. Shop top styles, quality brands, and exclusive deals online today!","['movies & tv', 'buy movies & tv', 'movies & tv online']",https://pay.4more.ca/product-category/movies-tv/
2004,Hardwood Flooring,hardwood-flooring,Shop Hardwood Flooring | Latest Trends & Affordable Prices,"Browse our premium collection of hardwood flooring. Shop top styles, quality brands, and exclusive deals online today!","['hardwood flooring', 'buy hardwood flooring', 'hardwood flooring online']",https://pay.4more.ca/product-category/hardwood-flooring/
1936,Sports Equipment,sports-equipment,Shop Sports Equipment | Latest Trends & Affordable Prices,"Browse our premium collection of sports equipment. Shop top styles, quality brands, and exclusive deals online today!","['sports equipment', 'buy sports equipment', 'sports equipment online']",https://pay.4more.ca/product-category/sports-equipment/
1923,Bedding,bedding,Shop Bedding | Latest Trends & Affordable Prices,"Browse our premium collection of bedding. Shop top styles, quality brands, and exclusive deals online today!","['bedding', 'buy bedding', 'bedding online']",https://pay.4more.ca/product-category/bedding/
1987,Door Hardware,door-hardware,Shop Door Hardware | Latest Trends & Affordable Prices,"Browse our premium collection of door hardware. Shop top styles, quality brands, and exclusive deals online today!","['door hardware', 'buy door hardware', 'door hardware online']",https://pay.4more.ca/product-category/door-hardware/
3301,Storage Boxes,storage-boxes,Shop Storage Boxes | Latest Trends & Affordable Prices,"Browse our premium collection of storage boxes. Shop top styles, quality brands, and exclusive deals online today!","['storage boxes', 'buy storage boxes', 'storage boxes online']",https://pay.4more.ca/product-category/storage-boxes/
2146,Baby Clothing,baby-clothing,Shop Baby Clothing | Latest Trends & Affordable Prices,"Browse our premium collection of baby clothing. Shop top styles, quality brands, and exclusive deals online today!","['baby clothing', 'buy baby clothing', 'baby clothing online']",https://pay.4more.ca/product-category/baby-clothing/
2003,Flooring,flooring,Shop Flooring | Latest Trends & Affordable Prices,"Browse our premium collection of flooring. Shop top styles, quality brands, and exclusive deals online today!","['flooring', 'buy flooring', 'flooring online']",https://pay.4more.ca/product-category/flooring/
1959,Roofing,roofing,Shop Roofing | Latest Trends & Affordable Prices,"Browse our premium collection of roofing. Shop top styles, quality brands, and exclusive deals online today!","['roofing', 'buy roofing', 'roofing online']",https://pay.4more.ca/product-category/roofing/
3261,Accessories,accessories,Shop Accessories | Latest Trends & Affordable Prices,"Browse our premium collection of accessories. Shop top styles, quality brands, and exclusive deals online today!","['accessories', 'buy accessories', 'accessories online']",https://pay.4more.ca/product-category/accessories/
1983,Primers,primers,Shop Primers | Latest Trends & Affordable Prices,"Browse our premium collection of primers. Shop top styles, quality brands, and exclusive deals online today!","['primers', 'buy primers', 'primers online']",https://pay.4more.ca/product-category/primers/
3270,Swim Accessories,swim-accessories,Shop Swimming Fun | Latest Trends & Affordable Prices,"Browse our premium collection of swimming fun. Shop top styles, quality brands, and exclusive deals online today!","['swimming fun', 'buy swimming fun', 'swimming fun online']",https://pay.4more.ca/product-category/swim-accessories/
2033,Smart Security & Surveillance,smart-security-surveillance,Shop Smart Security & Surveillance | Latest Trends & Affordable Prices,"Browse our premium collection of smart security & surveillance. Shop top styles, quality brands, and exclusive deals online today!","['smart security & surveillance', 'buy smart security & surveillance', 'smart security & surveillance online']",https://pay.4more.ca/product-category/smart-security-surveillance/
3260,Apparel & Accessories,apparel-accessories,Shop Stylish Apparel & Accessories | Trendy Fashion for Women,"Discover top-quality apparel and accessories for every style. Shop the latest trends in womenâ€™s fashion including outfits, bags, shoes, and more. Elevate your look today!",['fashion accessories'],https://pay.4more.ca/product-category/apparel-accessories/
3259,Tools Storage,tools-storage,Shop Tools Storage | Latest Trends & Affordable Prices,"Browse our premium collection of tools storage. Shop top styles, quality brands, and exclusive deals online today!","['tools storage', 'buy tools storage', 'tools storage online']",https://pay.4more.ca/product-category/tools-storage/
1981,Interior Paint,interior-paint,Shop Interior Paint | Latest Trends & Affordable Prices,"Browse our premium collection of interior paint. Shop top styles, quality brands, and exclusive deals online today!","['interior paint', 'buy interior paint', 'interior paint online']",https://pay.4more.ca/product-category/interior-paint/
3244,Sports Technology,sports-technology,Shop Sports Technology | Latest Trends & Affordable Prices,"Browse our premium collection of sports technology. Shop top styles, quality brands, and exclusive deals online today!","['sports technology', 'buy sports technology', 'sports technology online']",https://pay.4more.ca/product-category/sports-technology/
3271,Vacuum Cleaners & Floor Cleaning Machines,vacuum-cleaners-floor-cleaning-machines,The Ultimate Guide to Vacuum Cleaners & Floor Machines (2025),"From upright and robotic vacuums to carpet cleaners and steam mops, our 2025 guide helps you choose the best floor cleaning machine for your home.","['best vacuum cleaner', 'upright vs canister vacuum', 'cordless stick vacuum', 'robotic vacuum', 'carpet cleaner machine', 'steam mop', 'HEPA filter vacuum', 'vacuum cleaner for pet hair']",https://pay.4more.ca/product-category/vacuum-cleaners-floor-cleaning-machines/
1894,Electronics,electronics,Shop Electronics | Latest Trends & Affordable Prices,"Browse our premium collection of electronics. Shop top styles, quality brands, and exclusive deals online today!","['electronics', 'buy electronics', 'electronics online']",https://pay.4more.ca/product-category/electronics/
2155,Baby Health,baby-health,Shop Baby Health | Latest Trends & Affordable Prices,"Browse our premium collection of baby health. Shop top styles, quality brands, and exclusive deals online today!","['baby health', 'buy baby health', 'baby health online']",https://pay.4more.ca/product-category/baby-health/
2010,Cabinets,cabinets,Shop Cabinets | Latest Trends & Affordable Prices,"Browse our premium collection of cabinets. Shop top styles, quality brands, and exclusive deals online today!","['cabinets', 'buy cabinets', 'cabinets online']",https://pay.4more.ca/product-category/cabinets/
3303,Furniture Cleaners & Dusting Products,furniture-cleaners-dusting-products,"Disinfectants & Sanitizers (Sprays, Wipes) - Shop Now","Shop Disinfectants & Sanitizers (Sprays, Wipes) and more. Discover a wide range of Tile & Grout Cleaners within our Household Cleaners selection. Browse the best Tile & Grout Cleaners available.","['disinfectants\\*&*sanitizers*(sprays', '\\_wipes)']",https://pay.4more.ca/product-category/furniture-cleaners-dusting-products/
1920,Bakeware,bakeware,Shop Bakeware | Latest Trends & Affordable Prices,"Browse our premium collection of bakeware. Shop top styles, quality brands, and exclusive deals online today!","['bakeware', 'buy bakeware', 'bakeware online']",https://pay.4more.ca/product-category/bakeware/
1948,Building Toys,building-toys,Shop Building Toys | Latest Trends & Affordable Prices,"Browse our premium collection of building toys. Shop top styles, quality brands, and exclusive deals online today!","['building toys', 'buy building toys', 'building toys online']",https://pay.4more.ca/product-category/building-toys/
2044,Fish & Aquariums,fish-aquariums,Shop Fish & Aquariums | Latest Trends & Affordable Prices,"Browse our premium collection of fish & aquariums. Shop top styles, quality brands, and exclusive deals online today!","['fish & aquariums', 'buy fish & aquariums', 'fish & aquariums online']",https://pay.4more.ca/product-category/fish-aquariums/
3304,"Bathroom & Toilet Cleaners (including Shower, Tile & Grout)",bathroom-toilet-cleaners-including-shower-tile-grout,"Bathroom & Toilet Cleaners (including Shower, Tile & Grout)","Tackle soap scum, hard water stains, and mildew with our 2025 guide. Find the best cleaners for your toilet, shower, tile, and grout for a sparkling clean.","['bathroom cleaner', 'best toilet bowl cleaner', 'shower cleaner', 'how to clean grout', 'tile cleaner', 'soap scum remover', 'mold and mildew remover', 'disinfecting bathroom spray']",https://pay.4more.ca/product-category/bathroom-toilet-cleaners-including-shower-tile-grout/
1897,TV & Home Theater,tv-home-theater,Shop TV & Home Theater | Latest Trends & Affordable Prices,"Browse our premium collection of tv & home theater. Shop top styles, quality brands, and exclusive deals online today!","['tv & home theater', 'buy tv & home theater', 'tv & home theater online']",https://pay.4more.ca/product-category/tv-home-theater/
1921,Dinnerware,dinnerware,Shop Dinnerware | Latest Trends & Affordable Prices,"Browse our premium collection of dinnerware. Shop top styles, quality brands, and exclusive deals online today!","['dinnerware', 'buy dinnerware', 'dinnerware online']",https://pay.4more.ca/product-category/dinnerware/
1958,Drywall & Cement,drywall-cement,Shop Drywall & Cement | Latest Trends & Affordable Prices,"Browse our premium collection of drywall & cement. Shop top styles, quality brands, and exclusive deals online today!","['drywall & cement', 'buy drywall & cement', 'drywall & cement online']",https://pay.4more.ca/product-category/drywall-cement/
1934,Outdoor Recreation,outdoor-recreation,Shop Outdoor Recreation | Latest Trends & Affordable Prices,"Browse our premium collection of outdoor recreation. Shop top styles, quality brands, and exclusive deals online today!","['outdoor recreation', 'buy outdoor recreation', 'outdoor recreation online']",https://pay.4more.ca/product-category/outdoor-recreation/
2036,Smart Home Hubs & Assistants,smart-home-hubs-assistants,Shop Smart Home Hubs & Assistants | Latest Trends & Affordable Prices,"Browse our premium collection of smart home hubs & assistants. Shop top styles, quality brands, and exclusive deals online today!","['smart home hubs & assistants', 'buy smart home hubs & assistants', 'smart home hubs & assistants online']",https://pay.4more.ca/product-category/smart-home-hubs-assistants/
1924,Storage,storage,Shop Storage | Latest Trends & Affordable Prices,"Browse our premium collection of storage. Shop top styles, quality brands, and exclusive deals online today!","['storage', 'buy storage', 'storage online']",https://pay.4more.ca/product-category/storage/
3245,Action Sports,action-sports,Shop Action Sports | Latest Trends & Affordable Prices,"Browse our premium collection of action sports. Shop top styles, quality brands, and exclusive deals online today!","['action sports', 'buy action sports', 'action sports online']",https://pay.4more.ca/product-category/action-sports/
3306,Dairy & Eggs,dairy-eggs,Shop Dairy & Eggs | Latest Trends & Affordable Prices,"Browse our premium collection of dairy & eggs. Shop top styles, quality brands, and exclusive deals online today!","['dairy & eggs', 'buy dairy & eggs', 'dairy & eggs online']",https://pay.4more.ca/product-category/dairy-eggs/
1988,Cabinet Hardware,cabinet-hardware,Shop Cabinet Hardware | Latest Trends & Affordable Prices,"Browse our premium collection of cabinet hardware. Shop top styles, quality brands, and exclusive deals online today!","['cabinet hardware', 'buy cabinet hardware', 'cabinet hardware online']",https://pay.4more.ca/product-category/cabinet-hardware/
2052,Printer Paper,printer-paper,Shop Printer Paper | Latest Trends & Affordable Prices,"Browse our premium collection of printer paper. Shop top styles, quality brands, and exclusive deals online today!","['printer paper', 'buy printer paper', 'printer paper online']",https://pay.4more.ca/product-category/printer-paper/
2038,Smart Plugs & Outlets,smart-plugs-outlets,Shop Smart Plugs & Outlets | Latest Trends & Affordable Prices,"Browse our premium collection of smart plugs & outlets. Shop top styles, quality brands, and exclusive deals online today!","['smart plugs & outlets', 'buy smart plugs & outlets', 'smart plugs & outlets online']",https://pay.4more.ca/product-category/smart-plugs-outlets/
3307,Calendars & Planners,calendars-planners,Shop Calendars & Planners | Latest Trends & Affordable Prices,"Browse our premium collection of calendars & planners. Shop top styles, quality brands, and exclusive deals online today!","['calendars & planners', 'buy calendars & planners', 'calendars & planners online']",https://pay.4more.ca/product-category/calendars-planners/
2053,Notebooks & Pads,notebooks-pads,Shop Notebooks & Pads | Latest Trends & Affordable Prices,"Browse our premium collection of notebooks & pads. Shop top styles, quality brands, and exclusive deals online today!","['notebooks & pads', 'buy notebooks & pads', 'notebooks & pads online']",https://pay.4more.ca/product-category/notebooks-pads/
2144,Diapering,diapering,Shop Diapering | Latest Trends & Affordable Prices,"Browse our premium collection of diapering. Shop top styles, quality brands, and exclusive deals online today!","['diapering', 'buy diapering', 'diapering online']",https://pay.4more.ca/product-category/diapering/
1942,Music,music,Shop Music | Latest Trends & Affordable Prices,"Browse our premium collection of music. Shop top styles, quality brands, and exclusive deals online today!","['music', 'buy music', 'music online']",https://pay.4more.ca/product-category/music/
3262,Kids' Clothing,kids-clothing,Shop Kids' Clothing | Latest Trends & Affordable Prices,"Browse our premium collection of kids' clothing. Shop top styles, quality brands, and exclusive deals online today!","[""kids' clothing"", ""buy kids' clothing"", ""kids' clothing online""]",https://pay.4more.ca/product-category/kids-clothing/
3308,Binders & Dividers,binders-dividers,Shop Binders & Dividers | Latest Trends & Affordable Prices,"Browse our premium collection of binders & dividers. Shop top styles, quality brands, and exclusive deals online today!","['binders & dividers', 'buy binders & dividers', 'binders & dividers online']",https://pay.4more.ca/product-category/binders-dividers/
2039,Smart Garden & Outdoor,smart-garden-outdoor,Shop Smart Garden & Outdoor | Latest Trends & Affordable Prices,"Browse our premium collection of smart garden & outdoor. Shop top styles, quality brands, and exclusive deals online today!","['smart garden & outdoor', 'buy smart garden & outdoor', 'smart garden & outdoor online']",https://pay.4more.ca/product-category/smart-garden-outdoor/
3294,Grocery & Food,grocery-food,Shop Grocery & Food | Latest Trends & Affordable Prices,"Browse our premium collection of grocery & food. Shop top styles, quality brands, and exclusive deals online today!","['grocery & food', 'buy grocery & food', 'grocery & food online']",https://pay.4more.ca/product-category/grocery-food/
3263,Women's Clothing,womens-clothing,Shop Women's Clothing | Latest Trends & Affordable Prices,"Browse our premium collection of women's clothing. Shop top styles, quality brands, and exclusive deals online today!","[""women's clothing"", ""buy women's clothing"", ""women's clothing online""]",https://pay.4more.ca/product-category/womens-clothing/
1940,Books,books,Shop Books | Latest Trends & Affordable Prices,"Browse our premium collection of books. Shop top styles, quality brands, and exclusive deals online today!","['books', 'buy books', 'books online']",https://pay.4more.ca/product-category/books/
3273,General Household Cleaning,general-household-cleaning,General Household Cleaning - Shop Now,Shop General Household Cleaning and more. Discover a wide range of Household Cleaners within our Cleaning Products selection. Browse the best Household Cleaners available.,['general_household_cleaning'],https://pay.4more.ca/product-category/general-household-cleaning/
1900,Audio,audio,Shop Audio | Latest Trends & Affordable Prices,"Browse our premium collection of audio. Shop top styles, quality brands, and exclusive deals online today!","['audio', 'buy audio', 'audio online']",https://pay.4more.ca/product-category/audio/
1998,Wiring & Cables,wiring-cables,Shop Wiring & Cables | Latest Trends & Affordable Prices,"Browse our premium collection of wiring & cables. Shop top styles, quality brands, and exclusive deals online today!","['wiring & cables', 'buy wiring & cables', 'wiring & cables online']",https://pay.4more.ca/product-category/wiring-cables/
2015,Ceiling Lights,ceiling-lights,Shop Ceiling Lights | Latest Trends & Affordable Prices,"Browse our premium collection of ceiling lights. Shop top styles, quality brands, and exclusive deals online today!","['ceiling lights', 'buy ceiling lights', 'ceiling lights online']",https://pay.4more.ca/product-category/ceiling-lights/
1945,Action Figures,action-figures,Shop Action Figures | Latest Trends & Affordable Prices,"Browse our premium collection of action figures. Shop top styles, quality brands, and exclusive deals online today!","['action figures', 'buy action figures', 'action figures online']",https://pay.4more.ca/product-category/action-figures/
1970,Electrical Tools,electrical-tools,Shop Electrical Tools | Latest Trends & Affordable Prices,"Browse our premium collection of electrical tools. Shop top styles, quality brands, and exclusive deals online today!","['electrical tools', 'buy electrical tools', 'electrical tools online']",https://pay.4more.ca/product-category/electrical-tools/
3309,Specialty & Heavy-Duty Cleaning,specialty-heavy-duty-cleaning,Specialty & Heavy-Duty Cleaners for Tough Messes,"For jobs that go beyond the everyday. Find powerful solutions like drain openers, outdoor pressure washer soaps, and specialty car cleaning products in our guide.","['specialty cleaners', 'heavy-duty cleaner', 'drain cleaner', 'pressure washer solutions', 'car cleaning products', 'tough stain remover.']",https://pay.4more.ca/product-category/specialty-heavy-duty-cleaning/
3264,Shoes,shoes,Shop Shoes | Latest Trends & Affordable Prices,"Browse our premium collection of shoes. Shop top styles, quality brands, and exclusive deals online today!","['shoes', 'buy shoes', 'shoes online']",https://pay.4more.ca/product-category/shoes/
2145,Nursing & Feeding,nursing-feeding,Shop Nursing & Feeding | Latest Trends & Affordable Prices,"Browse our premium collection of nursing & feeding. Shop top styles, quality brands, and exclusive deals online today!","['nursing & feeding', 'buy nursing & feeding', 'nursing & feeding online']",https://pay.4more.ca/product-category/nursing-feeding/
3310,Cables & Adapters,cables-adapters,Shop Cables & Adapters | Latest Trends & Affordable Prices,"Browse our premium collection of cables & adapters. Shop top styles, quality brands, and exclusive deals online today!","['cables & adapters', 'buy cables & adapters', 'cables & adapters online']",https://pay.4more.ca/product-category/cables-adapters/
2037,Smart Appliances,smart-appliances,Shop Smart Appliances | Latest Trends & Affordable Prices,"Browse our premium collection of smart appliances. Shop top styles, quality brands, and exclusive deals online today!","['smart appliances', 'buy smart appliances', 'smart appliances online']",https://pay.4more.ca/product-category/smart-appliances/
3311,Carpet & Upholstery Cleaners,carpet-upholstery-cleaners,Best Carpet & Upholstery Cleaners for Any Stain (2025),"From pet stain removers to deep cleaning shampoos, discover the best carpet and upholstery cleaners of 2025. Learn how to treat any fabric or stain at home.","['carpet cleaner', 'upholstery cleaner', 'best stain remover for carpet', 'sofa cleaner', 'how to clean upholstery', 'pet stain and odor remover', 'enzymatic cleaner', 'furniture cleaning codes.']",https://pay.4more.ca/product-category/carpet-upholstery-cleaners/
2080,Coffee & Tea,coffee-tea,Shop Coffee & Tea | Latest Trends & Affordable Prices,"Browse our premium collection of coffee & tea. Shop top styles, quality brands, and exclusive deals online today!","['coffee & tea', 'buy coffee & tea', 'coffee & tea online']",https://pay.4more.ca/product-category/coffee-tea/
1992,Faucets & Sinks,faucets-sinks,Shop Faucets & Sinks | Latest Trends & Affordable Prices,"Browse our premium collection of faucets & sinks. Shop top styles, quality brands, and exclusive deals online today!","['faucets & sinks', 'buy faucets & sinks', 'faucets & sinks online']",https://pay.4more.ca/product-category/faucets-sinks/
1915,Wall Art,wall-art,Shop Wall Art | Latest Trends & Affordable Prices,"Browse our premium collection of wall art. Shop top styles, quality brands, and exclusive deals online today!","['wall art', 'buy wall art', 'wall art online']",https://pay.4more.ca/product-category/wall-art/
1980,Paint & Primers,paint-primers,Shop Paint & Primers | Latest Trends & Affordable Prices,"Browse our premium collection of paint & primers. Shop top styles, quality brands, and exclusive deals online today!","['paint & primers', 'buy paint & primers', 'paint & primers online']",https://pay.4more.ca/product-category/paint-primers/
2076,Copiers,copiers,Shop Copiers | Latest Trends & Affordable Prices,"Browse our premium collection of copiers. Shop top styles, quality brands, and exclusive deals online today!","['copiers', 'buy copiers', 'copiers online']",https://pay.4more.ca/product-category/copiers/
2055,Pencils,pencils,Shop Pencils | Latest Trends & Affordable Prices,"Browse our premium collection of pencils. Shop top styles, quality brands, and exclusive deals online today!","['pencils', 'buy pencils', 'pencils online']",https://pay.4more.ca/product-category/pencils/
1951,Card Games,card-games,Shop Card Games | Latest Trends & Affordable Prices,"Browse our premium collection of card games. Shop top styles, quality brands, and exclusive deals online today!","['card games', 'buy card games', 'card games online']",https://pay.4more.ca/product-category/card-games/
2143,Babies,babies,Shop Babies | Latest Trends & Affordable Prices,"Browse our premium collection of babies. Shop top styles, quality brands, and exclusive deals online today!","['babies', 'buy babies', 'babies online']",https://pay.4more.ca/product-category/babies/
1919,Cookware,cookware,Shop Cookware | Latest Trends & Affordable Prices,"Browse our premium collection of cookware. Shop top styles, quality brands, and exclusive deals online today!","['cookware', 'buy cookware', 'cookware online']",https://pay.4more.ca/product-category/cookware/
1950,Puzzles,puzzles,Shop Puzzles | Latest Trends & Affordable Prices,"Browse our premium collection of puzzles. Shop top styles, quality brands, and exclusive deals online today!","['puzzles', 'buy puzzles', 'puzzles online']",https://pay.4more.ca/product-category/puzzles/
2061,Desk Accessories,desk-accessories,Shop Desk Accessories | Latest Trends & Affordable Prices,"Browse our premium collection of desk accessories. Shop top styles, quality brands, and exclusive deals online today!","['desk accessories', 'buy desk accessories', 'desk accessories online']",https://pay.4more.ca/product-category/desk-accessories/
2002,Electrical Supplies,electrical-supplies,Shop Electrical Supplies | Latest Trends & Affordable Prices,"Browse our premium collection of electrical supplies. Shop top styles, quality brands, and exclusive deals online today!","['electrical supplies', 'buy electrical supplies', 'electrical supplies online']",https://pay.4more.ca/product-category/electrical-supplies/
1956,Building Materials,building-materials,Shop Building Materials | Latest Trends & Affordable Prices,"Browse our premium collection of building materials. Shop top styles, quality brands, and exclusive deals online today!","['building materials', 'buy building materials', 'building materials online']",https://pay.4more.ca/product-category/building-materials/
2013,Showers & Tubs,showers-tubs,Shop Showers & Tubs | Latest Trends & Affordable Prices,"Browse our premium collection of showers & tubs. Shop top styles, quality brands, and exclusive deals online today!","['showers & tubs', 'buy showers & tubs', 'showers & tubs online']",https://pay.4more.ca/product-category/showers-tubs/
3312,Outdoor & Pressure Washer Solutions,outdoor-pressure-washer-solutions,Best Outdoor & Pressure Washer Cleaners (2025),"From deck cleaners and house wash to concrete degreasers, discover the best outdoor and pressure washer solutions of 2025. Learn how to choose and use them safely.","['pressure washer detergent', 'outdoor cleaner', 'deck cleaner', 'house wash', 'concrete cleaner', 'best pressure washer soap', 'how to use pressure washer with soap', 'siding cleaner']",https://pay.4more.ca/product-category/outdoor-pressure-washer-solutions/
2045,Bird Supplies,bird-supplies,Shop Bird Supplies | Latest Trends & Affordable Prices,"Browse our premium collection of bird supplies. Shop top styles, quality brands, and exclusive deals online today!","['bird supplies', 'buy bird supplies', 'bird supplies online']",https://pay.4more.ca/product-category/bird-supplies/
3247,Collectible Toys,collectible-toys,Shop Collectible Toys | Latest Trends & Affordable Prices,"Browse our premium collection of collectible toys. Shop top styles, quality brands, and exclusive deals online today!","['collectible toys', 'buy collectible toys', 'collectible toys online']",https://pay.4more.ca/product-category/collectible-toys/
2027,Gardening Tools,gardening-tools,Shop Gardening Tools | Latest Trends & Affordable Prices,"Browse our premium collection of gardening tools. Shop top styles, quality brands, and exclusive deals online today!","['gardening tools', 'buy gardening tools', 'gardening tools online']",https://pay.4more.ca/product-category/gardening-tools/
3277,Swim Gear,swim-gear,Shop Swimming Fun | Latest Trends & Affordable Prices,"Browse our premium collection of swimming fun. Shop top styles, quality brands, and exclusive deals online today!","['swimming fun', 'buy swimming fun', 'swimming fun online']",https://pay.4more.ca/product-category/swim-gear/
1912,Decor,decor,Shop Decor | Latest Trends & Affordable Prices,"Browse our premium collection of decor. Shop top styles, quality brands, and exclusive deals online today!","['decor', 'buy decor', 'decor online']",https://pay.4more.ca/product-category/decor/
1979,Emergency Supplies,emergency-supplies,Shop Emergency Supplies | Latest Trends & Affordable Prices,"Browse our premium collection of emergency supplies. Shop top styles, quality brands, and exclusive deals online today!","['emergency supplies', 'buy emergency supplies', 'emergency supplies online']",https://pay.4more.ca/product-category/emergency-supplies/
2050,DIY Projects,diy-projects,Shop DIY Projects | Latest Trends & Affordable Prices,"Browse our premium collection of diy projects. Shop top styles, quality brands, and exclusive deals online today!","['diy projects', 'buy diy projects', 'diy projects online']",https://pay.4more.ca/product-category/diy-projects/
1953,Vehicles,vehicles,Shop Vehicles | Latest Trends & Affordable Prices,"Browse our premium collection of vehicles. Shop top styles, quality brands, and exclusive deals online today!","['vehicles', 'buy vehicles', 'vehicles online']",https://pay.4more.ca/product-category/vehicles/
1943,Video Games,video-games,Shop Video Games | Latest Trends & Affordable Prices,"Browse our premium collection of video games. Shop top styles, quality brands, and exclusive deals online today!","['video games', 'buy video games', 'video games online']",https://pay.4more.ca/product-category/video-games/
2024,Door & Window Hardware,door-window-hardware,Shop Door & Window Hardware | Latest Trends & Affordable Prices,"Browse our premium collection of door & window hardware. Shop top styles, quality brands, and exclusive deals online today!","['door & window hardware', 'buy door & window hardware', 'door & window hardware online']",https://pay.4more.ca/product-category/door-window-hardware/
3314,Beverages,beverages,Shop Beverages | Latest Trends & Affordable Prices,"Browse our premium collection of beverages. Shop top styles, quality brands, and exclusive deals online today!","['beverages', 'buy beverages', 'beverages online']",https://pay.4more.ca/product-category/beverages/
1989,Shelf Hardware,shelf-hardware,Shop Shelf Hardware | Latest Trends & Affordable Prices,"Browse our premium collection of shelf hardware. Shop top styles, quality brands, and exclusive deals online today!","['shelf hardware', 'buy shelf hardware', 'shelf hardware online']",https://pay.4more.ca/product-category/shelf-hardware/
1961,Siding,siding,Shop Siding | Latest Trends & Affordable Prices,"Browse our premium collection of siding. Shop top styles, quality brands, and exclusive deals online today!","['siding', 'buy siding', 'siding online']",https://pay.4more.ca/product-category/siding/
1991,Plumbing,plumbing,Shop Plumbing | Latest Trends & Affordable Prices,"Browse our premium collection of plumbing. Shop top styles, quality brands, and exclusive deals online today!","['plumbing', 'buy plumbing', 'plumbing online']",https://pay.4more.ca/product-category/plumbing/
1910,Office Furniture,office-furniture,Shop Office Furniture | Latest Trends & Affordable Prices,"Browse our premium collection of office furniture. Shop top styles, quality brands, and exclusive deals online today!","['office furniture', 'buy office furniture', 'office furniture online']",https://pay.4more.ca/product-category/office-furniture/
2049,Craft Supplies,craft-supplies,Shop Craft Supplies | Latest Trends & Affordable Prices,"Browse our premium collection of craft supplies. Shop top styles, quality brands, and exclusive deals online today!","['craft supplies', 'buy craft supplies', 'craft supplies online']",https://pay.4more.ca/product-category/craft-supplies/
1901,Computer Accessories,computer-accessories,Shop Computer Accessories | Latest Trends & Affordable Prices,"Browse our premium collection of computer accessories. Shop top styles, quality brands, and exclusive deals online today!","['computer accessories', 'buy computer accessories', 'computer accessories online']",https://pay.4more.ca/product-category/computer-accessories/
2034,Smart Locks & Access Control,smart-locks-access-control,Shop Smart Locks & Access Control | Latest Trends & Affordable Prices,"Browse our premium collection of smart locks & access control. Shop top styles, quality brands, and exclusive deals online today!","['smart locks & access control', 'buy smart locks & access control', 'smart locks & access control online']",https://pay.4more.ca/product-category/smart-locks-access-control/
2098,Glass & Window Cleaners,glass-window-cleaners,All-Purpose & Multi-Surface Cleaners - Shop Now,Shop All-Purpose & Multi-Surface Cleaners and more. Discover a wide range of All-Purpose Cleaners within our Household Cleaners selection. Browse the best All-Purpose Cleaners available.,['all-purpose_&*multi-surface_cleaners'],https://pay.4more.ca/product-category/glass-window-cleaners/
1975,Hard Hats,hard-hats,Shop Hard Hats | Latest Trends & Affordable Prices,"Browse our premium collection of hard hats. Shop top styles, quality brands, and exclusive deals online today!","['hard hats', 'buy hard hats', 'hard hats online']",https://pay.4more.ca/product-category/hard-hats/
2073,Shipping Labels,shipping-labels,Shop Shipping Labels | Latest Trends & Affordable Prices,"Browse our premium collection of shipping labels. Shop top styles, quality brands, and exclusive deals online today!","['shipping labels', 'buy shipping labels', 'shipping labels online']",https://pay.4more.ca/product-category/shipping-labels/
2011,Countertops,countertops,Shop Countertops | Latest Trends & Affordable Prices,"Browse our premium collection of countertops. Shop top styles, quality brands, and exclusive deals online today!","['countertops', 'buy countertops', 'countertops online']",https://pay.4more.ca/product-category/countertops/
1960,Insulation,insulation,Shop Insulation | Latest Trends & Affordable Prices,"Browse our premium collection of insulation. Shop top styles, quality brands, and exclusive deals online today!","['insulation', 'buy insulation', 'insulation online']",https://pay.4more.ca/product-category/insulation/
3278,Swimwear,swimwear,Shop Swimming Fun | Latest Trends & Affordable Prices,"Browse our premium collection of swimming fun. Shop top styles, quality brands, and exclusive deals online today!","['swimming fun', 'buy swimming fun', 'swimming fun online']",https://pay.4more.ca/product-category/swimwear/
1911,Outdoor Furniture,outdoor-furniture,Shop Outdoor Furniture | Latest Trends & Affordable Prices,"Browse our premium collection of outdoor furniture. Shop top styles, quality brands, and exclusive deals online today!","['outdoor furniture', 'buy outdoor furniture', 'outdoor furniture online']",https://pay.4more.ca/product-category/outdoor-furniture/
1928,Makeup,makeup,Shop Makeup | Latest Trends & Affordable Prices,"Browse our premium collection of makeup. Shop top styles, quality brands, and exclusive deals online today!","['makeup', 'buy makeup', 'makeup online']",https://pay.4more.ca/product-category/makeup/
1906,Furniture,furniture,Shop Furniture | Latest Trends & Affordable Prices,"Browse our premium collection of furniture. Shop top styles, quality brands, and exclusive deals online today!","['furniture', 'buy furniture', 'furniture online']",https://pay.4more.ca/product-category/furniture/
3249,"Bikes, Scooters & Ride-Ons",bikes-scooters-ride-ons,"Shop Bikes, Scooters & Ride-Ons | Latest Trends & Affordable Prices","Browse our premium collection of bikes, scooters & ride-ons. Shop top styles, quality brands, and exclusive deals online today!","['bikes', 'scooters & ride-ons', 'buy bikes', 'scooters & ride-ons online']",https://pay.4more.ca/product-category/bikes-scooters-ride-ons/
2023,Windows,windows,Shop Windows | Latest Trends & Affordable Prices,"Browse our premium collection of windows. Shop top styles, quality brands, and exclusive deals online today!","['windows', 'buy windows', 'windows online']",https://pay.4more.ca/product-category/windows/
3316,Pantry,pantry,Shop Pantry | Latest Trends & Affordable Prices,"Browse our premium collection of pantry. Shop top styles, quality brands, and exclusive deals online today!","['pantry', 'buy pantry', 'pantry online']",https://pay.4more.ca/product-category/pantry/
2056,Highlighters,highlighters,Shop Highlighters | Latest Trends & Affordable Prices,"Browse our premium collection of highlighters. Shop top styles, quality brands, and exclusive deals online today!","['highlighters', 'buy highlighters', 'highlighters online']",https://pay.4more.ca/product-category/highlighters/
2046,Small Animal Supplies,small-animal-supplies,Shop Small Animal Supplies | Latest Trends & Affordable Prices,"Browse our premium collection of small animal supplies. Shop top styles, quality brands, and exclusive deals online today!","['small animal supplies', 'buy small animal supplies', 'small animal supplies online']",https://pay.4more.ca/product-category/small-animal-supplies/
3318,Kitchen Cleaning,kitchen-cleaning,Best Kitchen Cleaning Products: A 2025 Guide,"Discover top-rated kitchen cleaners for every job. Our 2025 guide covers the best degreasers, oven cleaners, and countertop sprays to make your kitchen sparkle.","['kitchen cleaning products', 'best kitchen degreaser', 'oven cleaner', 'countertop cleaner', 'kitchen appliance cleaner', 'how to clean kitchen.']",https://pay.4more.ca/product-category/kitchen-cleaning/
1978,First Aid Kits,first-aid-kits,Shop First Aid Kits | Latest Trends & Affordable Prices,"Browse our premium collection of first aid kits. Shop top styles, quality brands, and exclusive deals online today!","['first aid kits', 'buy first aid kits', 'first aid kits online']",https://pay.4more.ca/product-category/first-aid-kits/
1922,Appliances,appliances,Shop Appliances | Latest Trends & Affordable Prices,"Browse our premium collection of appliances. Shop top styles, quality brands, and exclusive deals online today!","['appliances', 'buy appliances', 'appliances online']",https://pay.4more.ca/product-category/appliances/
1977,Safety Glasses,safety-glasses,Shop Safety Glasses | Latest Trends & Affordable Prices,"Browse our premium collection of safety glasses. Shop top styles, quality brands, and exclusive deals online today!","['safety glasses', 'buy safety glasses', 'safety glasses online']",https://pay.4more.ca/product-category/safety-glasses/
3319,Degreasers,degreasers,How to Choose & Use the Best Degreaser for Any Job | 2025,"Find the best kitchen and heavy-duty degreasers of 2025. Learn how to cut through tough grease on cabinets, grills, stovetops, and engines with our expert tips.","['kitchen degreaser', 'best degreaser for grease', 'heavy-duty degreaser', 'how to use a degreaser', 'food-safe degreaser', 'BBQ grill cleaner', 'degreaser for cabinets.']",https://pay.4more.ca/product-category/degreasers/
2078,Laminators,laminators,Shop Laminators | Latest Trends & Affordable Prices,"Browse our premium collection of laminators. Shop top styles, quality brands, and exclusive deals online today!","['laminators', 'buy laminators', 'laminators online']",https://pay.4more.ca/product-category/laminators/
2041,Pet Supplies,pet-supplies,Shop Pet Supplies | Latest Trends & Affordable Prices,"Browse our premium collection of pet supplies. Shop top styles, quality brands, and exclusive deals online today!","['pet supplies', 'buy pet supplies', 'pet supplies online']",https://pay.4more.ca/product-category/pet-supplies/
3320,Batteries,batteries,Shop Batteries | Latest Trends & Affordable Prices,"Browse our premium collection of batteries. Shop top styles, quality brands, and exclusive deals online today!","['batteries', 'buy batteries', 'batteries online']",https://pay.4more.ca/product-category/batteries/
1965,Drills,drills,Shop Drills | Latest Trends & Affordable Prices,"Browse our premium collection of drills. Shop top styles, quality brands, and exclusive deals online today!","['drills', 'buy drills', 'drills online']",https://pay.4more.ca/product-category/drills/
1908,Bedroom,bedroom,Shop Bedroom | Latest Trends & Affordable Prices,"Browse our premium collection of bedroom. Shop top styles, quality brands, and exclusive deals online today!","['bedroom', 'buy bedroom', 'bedroom online']",https://pay.4more.ca/product-category/bedroom/
1929,Hair Care,hair-care,Shop Hair Care | Latest Trends & Affordable Prices,"Browse our premium collection of hair care. Shop top styles, quality brands, and exclusive deals online today!","['hair care', 'buy hair care', 'hair care online']",https://pay.4more.ca/product-category/hair-care/
2084,Cleaning Products,cleaning-products,Cleaning Products - Shop Now,Shop Cleaning Products and more. Explore our extensive collection of Cleaning Products. Find high-quality Cleaning Products to suit your needs.,['cleaning_products'],https://pay.4more.ca/product-category/cleaning-products/
2071,Packaging Materials,packaging-materials,Shop Packaging Materials | Latest Trends & Affordable Prices,"Browse our premium collection of packaging materials. Shop top styles, quality brands, and exclusive deals online today!","['packaging materials', 'buy packaging materials', 'packaging materials online']",https://pay.4more.ca/product-category/packaging-materials/
1933,Sports & Outdoors,sports-outdoors,Shop Sports & Outdoors | Latest Trends & Affordable Prices,"Browse our premium collection of sports & outdoors. Shop top styles, quality brands, and exclusive deals online today!","['sports & outdoors', 'buy sports & outdoors', 'sports & outdoors online']",https://pay.4more.ca/product-category/sports-outdoors/
2025,Outdoor & Garden,outdoor-garden,Shop Outdoor & Garden | Latest Trends & Affordable Prices,"Browse our premium collection of outdoor & garden. Shop top styles, quality brands, and exclusive deals online today!","['outdoor & garden', 'buy outdoor & garden', 'outdoor & garden online']",https://pay.4more.ca/product-category/outdoor-garden/
3251,Exercise & Fitness,exercise-fitness,Shop Exercise & Fitness | Latest Trends & Affordable Prices,"Browse our premium collection of exercise & fitness. Shop top styles, quality brands, and exclusive deals online today!","['exercise & fitness', 'buy exercise & fitness', 'exercise & fitness online']",https://pay.4more.ca/product-category/exercise-fitness/
2043,Cat Supplies,cat-supplies,Shop Cat Supplies | Latest Trends & Affordable Prices,"Browse our premium collection of cat supplies. Shop top styles, quality brands, and exclusive deals online today!","['cat supplies', 'buy cat supplies', 'cat supplies online']",https://pay.4more.ca/product-category/cat-supplies/
3323,Computers & Laptops,computers-laptops,Shop Computers & Laptops | Latest Trends & Affordable Prices,"Browse our premium collection of computers & laptops. Shop top styles, quality brands, and exclusive deals online today!","['computers & laptops', 'buy computers & laptops', 'computers & laptops online']",https://pay.4more.ca/product-category/computers-laptops/
1947,Educational Toys,educational-toys,Shop Educational Toys | Latest Trends & Affordable Prices,"Browse our premium collection of educational toys. Shop top styles, quality brands, and exclusive deals online today!","['educational toys', 'buy educational toys', 'educational toys online']",https://pay.4more.ca/product-category/educational-toys/
3252,Stuffed Animals & Plush,stuffed-animals-plush,Shop Stuffed Animals & Plush | Latest Trends & Affordable Prices,"Browse our premium collection of stuffed animals & plush. Shop top styles, quality brands, and exclusive deals online today!","['stuffed animals & plush', 'buy stuffed animals & plush', 'stuffed animals & plush online']",https://pay.4more.ca/product-category/stuffed-animals-plush/
1902,Storage Devices,storage-devices,Shop Storage Devices | Latest Trends & Affordable Prices,"Browse our premium collection of storage devices. Shop top styles, quality brands, and exclusive deals online today!","['storage devices', 'buy storage devices', 'storage devices online']",https://pay.4more.ca/product-category/storage-devices/
2082,Tableware,tableware,Shop Tableware | Latest Trends & Affordable Prices,"Browse our premium collection of tableware. Shop top styles, quality brands, and exclusive deals online today!","['tableware', 'buy tableware', 'tableware online']",https://pay.4more.ca/product-category/tableware/
3324,Fresh Produce,fresh-produce,Shop Fresh Produce | Latest Trends & Affordable Prices,"Browse our premium collection of fresh produce. Shop top styles, quality brands, and exclusive deals online today!","['fresh produce', 'buy fresh produce', 'fresh produce online']",https://pay.4more.ca/product-category/fresh-produce/
2054,Pens,pens,Shop Pens | Latest Trends & Affordable Prices,"Browse our premium collection of pens. Shop top styles, quality brands, and exclusive deals online today!","['pens', 'buy pens', 'pens online']",https://pay.4more.ca/product-category/pens/
1972,Surveying Equipment,surveying-equipment,Shop Surveying Equipment | Latest Trends & Affordable Prices,"Browse our premium collection of surveying equipment. Shop top styles, quality brands, and exclusive deals online today!","['surveying equipment', 'buy surveying equipment', 'surveying equipment online']",https://pay.4more.ca/product-category/surveying-equipment/
1926,Beauty & Personal Care,beauty-personal-care,Shop Beauty & Personal Care | Latest Trends & Affordable Prices,"Browse our premium collection of beauty & personal care. Shop top styles, quality brands, and exclusive deals online today!","['beauty & personal care', 'buy beauty & personal care', 'beauty & personal care online']",https://pay.4more.ca/product-category/beauty-personal-care/
2009,Kitchen & Bath,kitchen-bath,Shop Kitchen & Bath | Latest Trends & Affordable Prices,"Browse our premium collection of kitchen & bath. Shop top styles, quality brands, and exclusive deals online today!","['kitchen & bath', 'buy kitchen & bath', 'kitchen & bath online']",https://pay.4more.ca/product-category/kitchen-bath/
3325,Snacks,snacks,Shop Snacks | Latest Trends & Affordable Prices,"Browse our premium collection of snacks. Shop top styles, quality brands, and exclusive deals online today!","['snacks', 'buy snacks', 'snacks online']",https://pay.4more.ca/product-category/snacks/
2057,Markers,markers,Shop Markers | Latest Trends & Affordable Prices,"Browse our premium collection of markers. Shop top styles, quality brands, and exclusive deals online today!","['markers', 'buy markers', 'markers online']",https://pay.4more.ca/product-category/markers/
2029,Fencing,fencing,Shop Fencing | Latest Trends & Affordable Prices,"Browse our premium collection of fencing. Shop top styles, quality brands, and exclusive deals online today!","['fencing', 'buy fencing', 'fencing online']",https://pay.4more.ca/product-category/fencing/
1913,Lighting Decor,lighting-decor,Shop Lighting Decor | Latest Trends & Affordable Prices,"Browse our premium collection of lighting decor. Shop top styles, quality brands, and exclusive deals online today!","['lighting decor', 'buy lighting decor', 'lighting decor online']",https://pay.4more.ca/product-category/lighting-decor/
2005,Laminate Flooring,laminate-flooring,Shop Laminate Flooring | Latest Trends & Affordable Prices,"Browse our premium collection of laminate flooring. Shop top styles, quality brands, and exclusive deals online today!","['laminate flooring', 'buy laminate flooring', 'laminate flooring online']",https://pay.4more.ca/product-category/laminate-flooring/
3326,Desk Organizers,desk-organizers,Shop Desk Organizers | Latest Trends & Affordable Prices,"Browse our premium collection of desk organizers. Shop top styles, quality brands, and exclusive deals online today!","['desk organizers', 'buy desk organizers', 'desk organizers online']",https://pay.4more.ca/product-category/desk-organizers/
2021,Interior Doors,interior-doors,Shop Interior Doors | Latest Trends & Affordable Prices,"Browse our premium collection of interior doors. Shop top styles, quality brands, and exclusive deals online today!","['interior doors', 'buy interior doors', 'interior doors online']",https://pay.4more.ca/product-category/interior-doors/
3283,Bathroom Cleaning,bathroom-cleaning,Top Bathroom Cleaners for a Spotless Finish | 2025,"Tackle soap scum, mildew, and grime with our top picks. Find the most effective bathroom, toilet, shower, and tile cleaners for a truly spotless bathroom.","['bathroom cleaners', 'toilet bowl cleaner', 'shower cleaner', 'tile and grout cleaner', 'mold and mildew remover', 'how to clean a bathroom']",https://pay.4more.ca/product-category/bathroom-cleaning/
3327,Labels & Tabs,labels-tabs,Shop Labels & Tabs | Latest Trends & Affordable Prices,"Browse our premium collection of labels & tabs. Shop top styles, quality brands, and exclusive deals online today!","['labels & tabs', 'buy labels & tabs', 'labels & tabs online']",https://pay.4more.ca/product-category/labels-tabs/
2154,Bath & Potty,bath-potty,Shop Bath & Potty | Latest Trends & Affordable Prices,"Browse our premium collection of bath & potty. Shop top styles, quality brands, and exclusive deals online today!","['bath & potty', 'buy bath & potty', 'bath & potty online']",https://pay.4more.ca/product-category/bath-potty/
3329,Kitchen & Appliance Cleaners (including Countertop & Oven),kitchen-appliance-cleaners-including-countertop-oven,Best Cleaners for Kitchen Appliances & Counters | 2025 Guide,"From tough oven grease to shiny stainless steel and food-safe countertop sprays, find the best cleaner for every kitchen appliance and surface in our 2025 guide.","['kitchen appliance cleaner', 'best oven cleaner', 'granite countertop cleaner', 'stainless steel cleaner', 'ceramic cooktop cleaner', 'food-safe kitchen cleaner', 'kitchen degreaser']",https://pay.4more.ca/product-category/kitchen-appliance-cleaners-including-countertop-oven/
1927,Skincare,skincare,Shop Skincare | Latest Trends & Affordable Prices,"Browse our premium collection of skincare. Shop top styles, quality brands, and exclusive deals online today!","['skincare', 'buy skincare', 'skincare online']",https://pay.4more.ca/product-category/skincare/
2001,Circuit Breakers & Panels,circuit-breakers-panels,Shop Circuit Breakers & Panels | Latest Trends & Affordable Prices,"Browse our premium collection of circuit breakers & panels. Shop top styles, quality brands, and exclusive deals online today!","['circuit breakers & panels', 'buy circuit breakers & panels', 'circuit breakers & panels online']",https://pay.4more.ca/product-category/circuit-breakers-panels/
3330,"Floor Cleaners (Hardwood, Tile, etc.)",floor-cleaners-hardwood-tile-etc,Best Floor Cleaners for Every Surface (2025) | A Guide,"Find the best cleaner for your hardwood, tile, laminate, or vinyl floors. Our 2025 guide helps you choose the right product to protect and shine your floors.","['hardwood floor cleaner', 'tile floor cleaner', 'laminate floor cleaner', 'best floor cleaner', 'multi-surface floor cleaner', 'how to clean floors', 'vinyl floor cleaner', 'pH-neutral floor cleaner.']",https://pay.4more.ca/product-category/floor-cleaners-hardwood-tile-etc/
1968,Painting Tools,painting-tools,Shop Painting Tools | Latest Trends & Affordable Prices,"Browse our premium collection of painting tools. Shop top styles, quality brands, and exclusive deals online today!","['painting tools', 'buy painting tools', 'painting tools online']",https://pay.4more.ca/product-category/painting-tools/
2014,Lighting,lighting,Shop Lighting | Latest Trends & Affordable Prices,"Browse our premium collection of lighting. Shop top styles, quality brands, and exclusive deals online today!","['lighting', 'buy lighting', 'lighting online']",https://pay.4more.ca/product-category/lighting/
1931,Personal Care,personal-care,Shop Personal Care | Latest Trends & Affordable Prices,"Browse our premium collection of personal care. Shop top styles, quality brands, and exclusive deals online today!","['personal care', 'buy personal care', 'personal care online']",https://pay.4more.ca/product-category/personal-care/
3255,Refills,refills,Shop Refills | Latest Trends & Affordable Prices,"Browse our premium collection of refills. Shop top styles, quality brands, and exclusive deals online today!","['refills', 'buy refills', 'refills online']",https://pay.4more.ca/product-category/refills/
1969,Plumbing Tools,plumbing-tools,Shop Plumbing Tools | Latest Trends & Affordable Prices,"Browse our premium collection of plumbing tools. Shop top styles, quality brands, and exclusive deals online today!","['plumbing tools', 'buy plumbing tools', 'plumbing tools online']",https://pay.4more.ca/product-category/plumbing-tools/
2006,Tile Flooring,tile-flooring,Shop Tile Flooring | Latest Trends & Affordable Prices,"Browse our premium collection of tile flooring. Shop top styles, quality brands, and exclusive deals online today!","['tile flooring', 'buy tile flooring', 'tile flooring online']",https://pay.4more.ca/product-category/tile-flooring/
1905,Home & Furniture,home-furniture,Shop Home & Furniture | Latest Trends & Affordable Prices,"Browse our premium collection of home & furniture. Shop top styles, quality brands, and exclusive deals online today!","['home & furniture', 'buy home & furniture', 'home & furniture online']",https://pay.4more.ca/product-category/home-furniture/
3333,Personal Hygiene,personal-hygiene,Best Hand Sanitizers & Hygiene Products for On-the-Go,"Stay protected from germs with our top-rated hand sanitizers and personal hygiene products. Compare effective sprays, gels, and wipes for your family.","['hand sanitizer', 'personal hygiene products', 'best hand sanitizer', 'disinfecting wipes', 'hand soap', 'germ protection']",https://pay.4more.ca/product-category/personal-hygiene/
1909,Dining Room,dining-room,Shop Dining Room | Latest Trends & Affordable Prices,"Browse our premium collection of dining room. Shop top styles, quality brands, and exclusive deals online today!","['dining room', 'buy dining room', 'dining room online']",https://pay.4more.ca/product-category/dining-room/
1949,Board Games,board-games,Shop Board Games | Latest Trends & Affordable Prices,"Browse our premium collection of board games. Shop top styles, quality brands, and exclusive deals online today!","['board games', 'buy board games', 'board games online']",https://pay.4more.ca/product-category/board-games/
2072,Tape & Dispensers,tape-dispensers,Shop Tape & Dispensers | Latest Trends & Affordable Prices,"Browse our premium collection of tape & dispensers. Shop top styles, quality brands, and exclusive deals online today!","['tape & dispensers', 'buy tape & dispensers', 'tape & dispensers online']",https://pay.4more.ca/product-category/tape-dispensers/
2022,Exterior Doors,exterior-doors,Shop Exterior Doors | Latest Trends & Affordable Prices,"Browse our premium collection of exterior doors. Shop top styles, quality brands, and exclusive deals online today!","['exterior doors', 'buy exterior doors', 'exterior doors online']",https://pay.4more.ca/product-category/exterior-doors/
2017,Outdoor Lighting,outdoor-lighting,Shop Outdoor Lighting | Latest Trends & Affordable Prices,"Browse our premium collection of outdoor lighting. Shop top styles, quality brands, and exclusive deals online today!","['outdoor lighting', 'buy outdoor lighting', 'outdoor lighting online']",https://pay.4more.ca/product-category/outdoor-lighting/
2026,Landscaping,landscaping,Shop Landscaping | Latest Trends & Affordable Prices,"Browse our premium collection of landscaping. Shop top styles, quality brands, and exclusive deals online today!","['landscaping', 'buy landscaping', 'landscaping online']",https://pay.4more.ca/product-category/landscaping/
2075,Printers & Scanners,printers-scanners,Shop Printers & Scanners | Latest Trends & Affordable Prices,"Browse our premium collection of printers & scanners. Shop top styles, quality brands, and exclusive deals online today!","['printers & scanners', 'buy printers & scanners', 'printers & scanners online']",https://pay.4more.ca/product-category/printers-scanners/
1954,Outdoor Play,outdoor-play,Shop Outdoor Play | Latest Trends & Affordable Prices,"Browse our premium collection of outdoor play. Shop top styles, quality brands, and exclusive deals online today!","['outdoor play', 'buy outdoor play', 'outdoor play online']",https://pay.4more.ca/product-category/outdoor-play/
1930,Fragrances,fragrances,Shop Fragrances | Latest Trends & Affordable Prices,"Browse our premium collection of fragrances. Shop top styles, quality brands, and exclusive deals online today!","['fragrances', 'buy fragrances', 'fragrances online']",https://pay.4more.ca/product-category/fragrances/
1985,Hardware,hardware,Shop Hardware | Latest Trends & Affordable Prices,"Browse our premium collection of hardware. Shop top styles, quality brands, and exclusive deals online today!","['hardware', 'buy hardware', 'hardware online']",https://pay.4more.ca/product-category/hardware/
1966,Saws,saws,Shop Saws | Latest Trends & Affordable Prices,"Browse our premium collection of saws. Shop top styles, quality brands, and exclusive deals online today!","['saws', 'buy saws', 'saws online']",https://pay.4more.ca/product-category/saws/
2150,Car Seats,car-seats,Shop Car Seats | Latest Trends & Affordable Prices,"Browse our premium collection of car seats. Shop top styles, quality brands, and exclusive deals online today!","['car seats', 'buy car seats', 'car seats online']",https://pay.4more.ca/product-category/car-seats/
2031,Smart Lighting,smart-lighting,Shop Smart Lighting | Latest Trends & Affordable Prices,"Browse our premium collection of smart lighting. Shop top styles, quality brands, and exclusive deals online today!","['smart lighting', 'buy smart lighting', 'smart lighting online']",https://pay.4more.ca/product-category/smart-lighting/
1976,Gloves,gloves,Shop Gloves | Latest Trends & Affordable Prices,"Browse our premium collection of gloves. Shop top styles, quality brands, and exclusive deals online today!","['gloves', 'buy gloves', 'gloves online']",https://pay.4more.ca/product-category/gloves/
3296,Office & School Supplies,office-school-supplies,Shop Office Supplies | Latest Trends & Affordable Prices,"Browse our premium collection of office supplies. Shop top styles, quality brands, and exclusive deals online today!","['office supplies', 'buy office supplies', 'office supplies online']",https://pay.4more.ca/product-category/office-school-supplies/
1932,Oral Care,oral-care,Shop Oral Care | Latest Trends & Affordable Prices,"Browse our premium collection of oral care. Shop top styles, quality brands, and exclusive deals online today!","['oral care', 'buy oral care', 'oral care online']",https://pay.4more.ca/product-category/oral-care/
3265,Men's Clothing,mens-clothing,Shop Men's Clothing | Latest Trends & Affordable Prices,"Browse our premium collection of men's clothing. Shop top styles, quality brands, and exclusive deals online today!","[""men's clothing"", ""buy men's clothing"", ""men's clothing online""]",https://pay.4more.ca/product-category/mens-clothing/
1944,Toys & Games,toys-games,Shop Toys & Games | Latest Trends & Affordable Prices,"Browse our premium collection of toys & games. Shop top styles, quality brands, and exclusive deals online today!","['toys & games', 'buy toys & games', 'toys & games online']",https://pay.4more.ca/product-category/toys-games/
1955,Home Improvements,home-improvements,Shop Home Improvements | Latest Trends & Affordable Prices,"Browse our premium collection of home improvements. Shop top styles, quality brands, and exclusive deals online today!","['home improvements', 'buy home improvements', 'home improvements online']",https://pay.4more.ca/product-category/home-improvements/
1925,Bathroom,bathroom,Shop Bathroom | Latest Trends & Affordable Prices,"Browse our premium collection of bathroom. Shop top styles, quality brands, and exclusive deals online today!","['bathroom', 'buy bathroom', 'bathroom online']",https://pay.4more.ca/product-category/bathroom/
1898,Gaming,gaming,Shop Gaming | Latest Trends & Affordable Prices,"Browse our premium collection of gaming. Shop top styles, quality brands, and exclusive deals online today!","['gaming', 'buy gaming', 'gaming online']",https://pay.4more.ca/product-category/gaming/
1996,Plumbing Supplies,plumbing-supplies,Shop Plumbing Supplies | Latest Trends & Affordable Prices,"Browse our premium collection of plumbing supplies. Shop top styles, quality brands, and exclusive deals online today!","['plumbing supplies', 'buy plumbing supplies', 'plumbing supplies online']",https://pay.4more.ca/product-category/plumbing-supplies/
1935,Sports Apparel,sports-apparel,Shop Sports Apparel | Latest Trends & Affordable Prices,"Browse our premium collection of sports apparel. Shop top styles, quality brands, and exclusive deals online today!","['sports apparel', 'buy sports apparel', 'sports apparel online']",https://pay.4more.ca/product-category/sports-apparel/
2070,Envelopes,envelopes,Shop Envelopes | Latest Trends & Affordable Prices,"Browse our premium collection of envelopes. Shop top styles, quality brands, and exclusive deals online today!","['envelopes', 'buy envelopes', 'envelopes online']",https://pay.4more.ca/product-category/envelopes/
2156,Baby Saftey,baby-saftey,Shop Baby Saftey | Latest Trends & Affordable Prices,"Browse our premium collection of baby saftey. Shop top styles, quality brands, and exclusive deals online today!","['baby saftey', 'buy baby saftey', 'baby saftey online']",https://pay.4more.ca/product-category/baby-saftey/
1997,Electrical,electrical,Shop Electrical | Latest Trends & Affordable Prices,"Browse our premium collection of electrical. Shop top styles, quality brands, and exclusive deals online today!","['electrical', 'buy electrical', 'electrical online']",https://pay.4more.ca/product-category/electrical/
2032,Smart Thermostats & Climate Control,smart-thermostats-climate-control,Shop Smart Thermostats & Climate Control | Latest Trends & Affordable Prices,"Browse our premium collection of smart thermostats & climate control. Shop top styles, quality brands, and exclusive deals online today!","['smart thermostats & climate control', 'buy smart thermostats & climate control', 'smart thermostats & climate control online']",https://pay.4more.ca/product-category/smart-thermostats-climate-control/
2030,Smart home,smart-home,Shop Smart home | Latest Trends & Affordable Prices,"Browse our premium collection of smart home. Shop top styles, quality brands, and exclusive deals online today!","['smart home', 'buy smart home', 'smart home online']",https://pay.4more.ca/product-category/smart-home/
3256,Dance & Gymnastics,dance-gymnastics,Shop Dance & Gymnastics | Latest Trends & Affordable Prices,"Browse our premium collection of dance & gymnastics. Shop top styles, quality brands, and exclusive deals online today!","['dance & gymnastics', 'buy dance & gymnastics', 'dance & gymnastics online']",https://pay.4more.ca/product-category/dance-gymnastics/
2077,Shredders,shredders,Shop Shredders | Latest Trends & Affordable Prices,"Browse our premium collection of shredders. Shop top styles, quality brands, and exclusive deals online today!","['shredders', 'buy shredders', 'shredders online']",https://pay.4more.ca/product-category/shredders/
1973,Fasteners & Adhesives,fasteners-adhesives,Shop Fasteners & Adhesives | Latest Trends & Affordable Prices,"Browse our premium collection of fasteners & adhesives. Shop top styles, quality brands, and exclusive deals online today!","['fasteners & adhesives', 'buy fasteners & adhesives', 'fasteners & adhesives online']",https://pay.4more.ca/product-category/fasteners-adhesives/
2018,Lamps,lamps,Shop Lamps | Latest Trends & Affordable Prices,"Browse our premium collection of lamps. Shop top styles, quality brands, and exclusive deals online today!","['lamps', 'buy lamps', 'lamps online']",https://pay.4more.ca/product-category/lamps/
1986,Fasteners,fasteners,Shop Fasteners | Latest Trends & Affordable Prices,"Browse our premium collection of fasteners. Shop top styles, quality brands, and exclusive deals online today!","['fasteners', 'buy fasteners', 'fasteners online']",https://pay.4more.ca/product-category/fasteners/
2016,Wall Lights,wall-lights,Shop Wall Lights | Latest Trends & Affordable Prices,"Browse our premium collection of wall lights. Shop top styles, quality brands, and exclusive deals online today!","['wall lights', 'buy wall lights', 'wall lights online']",https://pay.4more.ca/product-category/wall-lights/
1957,Lumber,lumber,Shop Lumber | Latest Trends & Affordable Prices,"Browse our premium collection of lumber. Shop top styles, quality brands, and exclusive deals online today!","['lumber', 'buy lumber', 'lumber online']",https://pay.4more.ca/product-category/lumber/
2081,Snacks & Drinks,snacks-drinks,Shop Snacks & Drinks | Latest Trends & Affordable Prices,"Browse our premium collection of snacks & drinks. Shop top styles, quality brands, and exclusive deals online today!","['snacks & drinks', 'buy snacks & drinks', 'snacks & drinks online']",https://pay.4more.ca/product-category/snacks-drinks/
1914,Rugs,rugs,Shop Rugs | Latest Trends & Affordable Prices,"Browse our premium collection of rugs. Shop top styles, quality brands, and exclusive deals online today!","['rugs', 'buy rugs', 'rugs online']",https://pay.4more.ca/product-category/rugs/
2042,Dog Supplies,dog-supplies,Shop Dog Supplies | Latest Trends & Affordable Prices,"Browse our premium collection of dog supplies. Shop top styles, quality brands, and exclusive deals online today!","['dog supplies', 'buy dog supplies', 'dog supplies online']",https://pay.4more.ca/product-category/dog-supplies/
1896,Smartphones & Accessories,smartphones-accessories,Shop Smartphones & Accessories | Latest Trends & Affordable Prices,"Browse our premium collection of smartphones & accessories. Shop top styles, quality brands, and exclusive deals online today!","['smartphones & accessories', 'buy smartphones & accessories', 'smartphones & accessories online']",https://pay.4more.ca/product-category/smartphones-accessories/
3288,All-Purpose & Multi-Surface Cleaners,all-purpose-multi-surface-cleaners,General Household Cleaning - Shop Now,Shop General Household Cleaning and more. Discover a wide range of Household Cleaners within our Cleaning Products selection. Browse the best Household Cleaners available.,['general_household_cleaning'],https://pay.4more.ca/product-category/all-purpose-multi-surface-cleaners/
3336,"Laundry Care (Detergents, Fabric Softeners, Stain Removers)",laundry-care-detergents-fabric-softeners-stain-removers,A Complete Guide to Laundry Care Products (2025),"From choosing the best detergent (liquid, powder, or pods) to using fabric softeners and stain removers, our 2025 guide covers everything for cleaner laundry.","['laundry detergent', 'best laundry detergent', 'fabric softener', 'how to remove stains', 'laundry stain remover', 'liquid vs powder detergent', 'laundry pods', 'HE detergent', 'laundry care']",https://pay.4more.ca/product-category/laundry-care-detergents-fabric-softeners-stain-removers/
2000,Lighting Fixtures,lighting-fixtures,Shop Lighting Fixtures | Latest Trends & Affordable Prices,"Browse our premium collection of lighting fixtures. Shop top styles, quality brands, and exclusive deals online today!","['lighting fixtures', 'buy lighting fixtures', 'lighting fixtures online']",https://pay.4more.ca/product-category/lighting-fixtures/
2028,Grills & Outdoor Cooking,grills-outdoor-cooking,Shop Grills & Outdoor Cooking | Latest Trends & Affordable Prices,"Browse our premium collection of grills & outdoor cooking. Shop top styles, quality brands, and exclusive deals online today!","['grills & outdoor cooking', 'buy grills & outdoor cooking', 'grills & outdoor cooking online']",https://pay.4more.ca/product-category/grills-outdoor-cooking/
2079,Breakroom Supplies,breakroom-supplies,Shop Breakroom Supplies | Latest Trends & Affordable Prices,"Browse our premium collection of breakroom supplies. Shop top styles, quality brands, and exclusive deals online today!","['breakroom supplies', 'buy breakroom supplies', 'breakroom supplies online']",https://pay.4more.ca/product-category/breakroom-supplies/
2153,Baby Toiletries,baby-toiletries,Shop Baby Toiletries | Latest Trends & Affordable Prices,"Browse our premium collection of baby toiletries. Shop top styles, quality brands, and exclusive deals online today!","['baby toiletries', 'buy baby toiletries', 'baby toiletries online']",https://pay.4more.ca/product-category/baby-toiletries/
2012,Sinks & Faucets,sinks-faucets,Shop Sinks & Faucets | Latest Trends & Affordable Prices,"Browse our premium collection of sinks & faucets. Shop top styles, quality brands, and exclusive deals online today!","['sinks & faucets', 'buy sinks & faucets', 'sinks & faucets online']",https://pay.4more.ca/product-category/sinks-faucets/
3290,"Manual Cleaning Tools (Mops, Brooms, Sponges, Cloths)",manual-cleaning-tools-mops-brooms-sponges-cloths,Essential Manual Cleaning Tools | A Buyer's Guide (2025),"From microfiber cloths and mops to the right broom for your floors, our 2025 guide covers the essential manual cleaning tools every home needs for a perfect clean.","['manual cleaning tools', 'types of mops', 'microfiber cloths', 'best broom', 'kitchen sponges', 'how to choose a mop', 'cleaning tools list', 'household cleaning supplies']",https://pay.4more.ca/product-category/manual-cleaning-tools-mops-brooms-sponges-cloths/
1995,Water Heaters,water-heaters,Shop Water Heaters | Latest Trends & Affordable Prices,"Browse our premium collection of water heaters. Shop top styles, quality brands, and exclusive deals online today!","['water heaters', 'buy water heaters', 'water heaters online']",https://pay.4more.ca/product-category/water-heaters/
3257,Musical Instruments,musical-instruments,Shop Musical Instruments | Latest Trends & Affordable Prices,"Browse our premium collection of musical instruments. Shop top styles, quality brands, and exclusive deals online today!","['musical instruments', 'buy musical instruments', 'musical instruments online']",https://pay.4more.ca/product-category/musical-instruments/
2048,Art Supplies,art-supplies,Shop Art Supplies | Latest Trends & Affordable Prices,"Browse our premium collection of art supplies. Shop top styles, quality brands, and exclusive deals online today!","['art supplies', 'buy art supplies', 'art supplies online']",https://pay.4more.ca/product-category/art-supplies/
1963,Power Tools,power-tools,Shop Power Tools | Latest Trends & Affordable Prices,"Browse our premium collection of power tools. Shop top styles, quality brands, and exclusive deals online today!","['power tools', 'buy power tools', 'power tools online']",https://pay.4more.ca/product-category/power-tools/
3337,Boards,boards,Shop Boards | Latest Trends & Affordable Prices,"Browse our premium collection of boards. Shop top styles, quality brands, and exclusive deals online today!","['boards', 'buy boards', 'boards online']",https://pay.4more.ca/product-category/boards/
1899,Cameras & Photography,cameras-photography,Shop Cameras & Photography | Latest Trends & Affordable Prices,"Browse our premium collection of cameras & photography. Shop top styles, quality brands, and exclusive deals online today!","['cameras & photography', 'buy cameras & photography', 'cameras & photography online']",https://pay.4more.ca/product-category/cameras-photography/
2147,Nursery,nursery,Shop Nursery | Latest Trends & Affordable Prices,"Browse our premium collection of nursery. Shop top styles, quality brands, and exclusive deals online today!","['nursery', 'buy nursery', 'nursery online']",https://pay.4more.ca/product-category/nursery/
2113,Mold & Mildew Removers,mold-mildew-removers,Best Bathroom & Toilet Cleaners for 2025 | A Guide,"Tackle soap scum, hard water stains, and mildew with our 2025 guide. Find the best cleaners for your toilet, shower, tile, and grout for a sparkling clean.","['bathroom cleaner', 'best toilet bowl cleaner', 'shower cleaner', 'how to clean grout', 'tile cleaner', 'soap scum remover', 'mold and mildew remover', 'disinfecting bathroom spray']",https://pay.4more.ca/product-category/mold-mildew-removers/
2152,Strollers,strollers,Shop Strollers | Latest Trends & Affordable Prices,"Browse our premium collection of strollers. Shop top styles, quality brands, and exclusive deals online today!","['strollers', 'buy strollers', 'strollers online']",https://pay.4more.ca/product-category/strollers/
1999,Outlets & Switches,outlets-switches,Shop Outlets & Switches | Latest Trends & Affordable Prices,"Browse our premium collection of outlets & switches. Shop top styles, quality brands, and exclusive deals online today!","['outlets & switches', 'buy outlets & switches', 'outlets & switches online']",https://pay.4more.ca/product-category/outlets-switches/
2040,Smart Health & Wellness,smart-health-wellness,Shop Smart Health & Wellness | Latest Trends & Affordable Prices,"Browse our premium collection of smart health & wellness. Shop top styles, quality brands, and exclusive deals online today!","['smart health & wellness', 'buy smart health & wellness', 'smart health & wellness online']",https://pay.4more.ca/product-category/smart-health-wellness/
1990,Construction Hardware,construction-hardware,Shop Construction Hardware | Latest Trends & Affordable Prices,"Browse our premium collection of construction hardware. Shop top styles, quality brands, and exclusive deals online today!","['construction hardware', 'buy construction hardware', 'construction hardware online']",https://pay.4more.ca/product-category/construction-hardware/
2149,Baby Toys,baby-toys,Shop Baby Toys | Latest Trends & Affordable Prices,"Browse our premium collection of baby toys. Shop top styles, quality brands, and exclusive deals online today!","['baby toys', 'buy baby toys', 'baby toys online']",https://pay.4more.ca/product-category/baby-toys/
3291,Floor & Fabric Care,floor-fabric-care,The Ultimate Guide to Floor & Fabric Care Products,"Keep your floors and fabrics looking new. Explore the best floor cleaners for hardwood and tile, plus top-rated carpet shampoos and laundry stain removers.","['floor and fabric care', 'hardwood floor cleaner', 'carpet cleaner machine solution', 'upholstery cleaner', 'best laundry detergent', 'stain removers.']",https://pay.4more.ca/product-category/floor-fabric-care/
1946,Dolls & Accessories,dolls-accessories,Shop Dolls & Accessories | Latest Trends & Affordable Prices,"Browse our premium collection of dolls & accessories. Shop top styles, quality brands, and exclusive deals online today!","['dolls & accessories', 'buy dolls & accessories', 'dolls & accessories online']",https://pay.4more.ca/product-category/dolls-accessories/
2008,Flooring Supplies,flooring-supplies,Shop Flooring Supplies | Latest Trends & Affordable Prices,"Browse our premium collection of flooring supplies. Shop top styles, quality brands, and exclusive deals online today!","['flooring supplies', 'buy flooring supplies', 'flooring supplies online']",https://pay.4more.ca/product-category/flooring-supplies/
3258,Electronics for Kids,electronics-for-kids,Shop Electronics for Kids | Latest Trends & Affordable Prices,"Browse our premium collection of electronics for kids. Shop top styles, quality brands, and exclusive deals online today!","['electronics for kids', 'buy electronics for kids', 'electronics for kids online']",https://pay.4more.ca/product-category/electronics-for-kids/
1994,Pipes & Fittings,pipes-fittings,Shop Pipes & Fittings | Latest Trends & Affordable Prices,"Browse our premium collection of pipes & fittings. Shop top styles, quality brands, and exclusive deals online today!","['pipes & fittings', 'buy pipes & fittings', 'pipes & fittings online']",https://pay.4more.ca/product-category/pipes-fittings/
1984,Paint Supplies,paint-supplies,Shop Paint Supplies | Latest Trends & Affordable Prices,"Browse our premium collection of paint supplies. Shop top styles, quality brands, and exclusive deals online today!","['paint supplies', 'buy paint supplies', 'paint supplies online']",https://pay.4more.ca/product-category/paint-supplies/
2019,Light Bulbs,light-bulbs,Shop Light Bulbs | Latest Trends & Affordable Prices,"Browse our premium collection of light bulbs. Shop top styles, quality brands, and exclusive deals online today!","['light bulbs', 'buy light bulbs', 'light bulbs online']",https://pay.4more.ca/product-category/light-bulbs/
1917,Candles,candles,Shop Candles | Latest Trends & Affordable Prices,"Browse our premium collection of candles. Shop top styles, quality brands, and exclusive deals online today!","['candles', 'buy candles', 'candles online']",https://pay.4more.ca/product-category/candles/
1962,Tools & Accessories,tools-accessories,Shop Tools & Accessories | Latest Trends & Affordable Prices,"Browse our premium collection of tools & accessories. Shop top styles, quality brands, and exclusive deals online today!","['tools & accessories', 'buy tools & accessories', 'tools & accessories online']",https://pay.4more.ca/product-category/tools-accessories/
1974,Safety Gear & Equipment,safety-gear-equipment,Shop Safety Gear & Equipment | Latest Trends & Affordable Prices,"Browse our premium collection of safety gear & equipment. Shop top styles, quality brands, and exclusive deals online today!","['safety gear & equipment', 'buy safety gear & equipment', 'safety gear & equipment online']",https://pay.4more.ca/product-category/safety-gear-equipment/
